date,gdp,gdp_trend,consumption,consumption_trend,investment,investment_trend,hours,hours_trend,capital,capital_trend,tfp,tfp_trend,real_m2,real_m2_trend,t_bill_3mo,t_bill_3mo_trend,pce_inflation,pce_inflation_trend,unemployment,unemployment_trend
1959-01-01,27.23251108034968,27.1380874910451,16.512988304240647,16.511061631120864,4.4379499862997696,4.302996694362323,109.08298824532075,109.17449935181118,27.557761814246728,27.695613376879383,14.342488723970508,14.260298642421212,15.359521171191158,15.043592949139457,0.027733333333333336,0.026651862012566217,0.009049773755656076,0.017828882291810857,0.05833333333333333,0.05662596565446969
1959-04-01,27.744771327195313,27.254601019959864,16.748424054940383,16.582039679965472,4.744745377900909,4.318235786967492,110.74542820905317,108.92674925302882,27.679895260127388,27.788846998838732,14.44694753505216,14.3258374751608,15.507750898559195,15.185000491196757,0.03,0.026894885711238284,0.011291637914810693,0.01742571249092465,0.051000000000000004,0.05722338974079376
1959-07-01,27.66534155721156,27.378119136408262,16.899794434144606,16.655648151841937,4.405407166454419,4.335206189664281,110.02967238307892,108.693329961239,27.877602141240356,27.881791106584117,14.43043866219061,14.394013105630142,15.602242207343416,15.327936345742412,0.03540000000000001,0.02710467574285847,0.016673979815708728,0.016988810222884385,0.05266666666666667,0.05774447123694372
1959-10-01,27.655528442522854,27.508930003590784,16.890590452971928,16.731928302672387,4.52680087582453,4.3539523843988075,109.69983335595101,108.47427166260759,27.994804386639323,27.974957495502263,14.432290248911293,14.464861801941936,15.545553067010264,15.472822998764507,0.042300000000000004,0.027277650879434776,0.022574778955289254,0.016524892465493313,0.05600000000000001,0.058192006670474625
1960-01-01,28.0859834309788,27.647511579191768,16.891712300548356,16.811075718134138,4.993335159232339,4.374565354798744,109.6414389919314,108.27043611927314,28.036593300761595,28.068862209287907,14.654348093723467,14.538444300799556,15.4564484747718,15.620271664171295,0.03873333333333333,0.027415414470635904,0.016940707523667164,0.01604047942755018,0.051333333333333335,0.05856561894108507
1960-04-01,27.855434891896145,27.794448096397186,17.10245862823803,16.893390087505423,4.483804534162391,4.397246710943351,109.51148379558529,108.08344304552216,28.304875544321003,28.16404071307972,14.496861836254693,14.614802766814854,15.500982194776979,15.770962592335318,0.029933333333333336,0.027528958834330913,0.018175051175485457,0.01554587249690984,0.052333333333333336,0.058863560944304595
1960-07-01,27.902954974605088,27.950615933533356,16.985390180232713,16.979228672780348,4.417441114510641,4.422570132735703,108.54456067408718,107.91575641916974,28.42603363308606,28.261015448938487,14.583727408551656,14.694053942117662,15.673135829681062,15.9254968236828,0.0236,0.027636349987678062,0.015783957087366574,0.015051935703987222,0.05533333333333334,0.05907956539715782
1960-10-01,27.448757838309998,28.11695544679568,16.972593124700172,17.069088373365645,3.8598696247323514,4.451180141226532,107.15904294786537,107.77071796855543,28.517237081136315,28.360404576738347,14.450425246393486,14.776243064878173,15.799298719772949,16.084324861821965,0.023066666666666666,0.02775715668189748,0.01477892929416802,0.014571176315871364,0.06266666666666666,0.05920328362441256
1961-01-01,27.533680735264127,28.294406097645936,16.89956456403377,17.163482037735783,3.9595661586746353,4.483739966760383,106.16627540729355,107.65205477841234,28.462636678844245,28.462938785910524,14.592878760049832,14.861347163219715,15.979111179014357,16.24775246183568,0.0235,0.027908424949467017,0.015372366487016231,0.014116559113015917,0.068,0.05922202555579671
1961-04-01,27.91017488727745,28.483510972862216,17.0539711749017,17.262874688388283,4.22552446591929,4.5205371208478144,105.57934894214259,107.56311207605619,28.446775890949812,28.56945833265936,14.84871693541111,14.949135117288533,16.183743297761616,16.415913802581983,0.023033333333333333,0.028104269266605003,0.009930547093944142,0.013701178721485964,0.07,0.05912526573543957
1961-07-01,28.358950063288226,28.684347757743502,17.10197598062513,17.367576358979925,4.541966132965937,4.561522915496265,105.87348756258939,107.50631274448932,28.502115532812702,28.6808168072463,15.04997390078536,15.039199490017037,16.364340071587737,16.58877505914015,0.023033333333333333,0.028356048843936353,0.009772382397571944,0.013338914646955332,0.06766666666666667,0.058907964941498026
1961-10-01,28.8688415967489,28.896637443593246,17.382253450380354,17.47777433899194,4.620659439397518,4.60646087747727,107.05704568735996,107.48285127132355,28.676853892408356,28.79780514877819,15.177760340655457,15.131059495864836,16.573800057381344,16.76615079221662,0.0246,0.028671953557127677,0.006405607928450685,0.013041289750330635,0.062,0.058571880661044365
1962-01-01,29.33713987573813,29.119892395720466,17.523964366081472,17.59349403367457,4.843682976926669,4.655099389111884,107.27974521914467,107.49292309356319,28.86542789810268,28.92111633924293,15.367853790102515,15.22422938371174,16.803458662333377,16.94770214640465,0.02723333333333333,0.029056846584651463,0.008866638518607806,0.012817597809862627,0.056333333333333326,0.058124244569729096
1962-04-01,29.493164560731365,29.353598076799116,17.707610209825518,17.714703521862294,4.750712019018544,4.707190215926117,108.15867535749437,107.53648819322748,29.042270030631585,29.051381535293352,15.335045526808484,15.318240775216653,17.067769450440956,17.13295056777201,0.02716666666666667,0.029513046134006998,0.012607830126078357,0.012672985302663394,0.05533333333333334,0.05757443091778959
1962-07-01,29.721032427248165,29.597365322075763,17.779758380690193,17.84132825870749,4.790290977343664,4.762595669954339,107.43993914099848,107.61340429633081,29.163851077234412,29.189211414236436,15.49796663782454,15.412703984837961,17.218564926372824,17.32130240822613,0.028399999999999998,0.03004173071691147,0.011721567684539469,0.012610129356287985,0.05566666666666666,0.05693069463594047
1962-10-01,29.651540245007652,29.850883793203234,17.94831538270766,17.973289157765002,4.599117191461239,4.821201727362884,106.16306240435429,107.72394817410427,29.260233683918173,29.33522637976443,15.564370904198984,15.507230221848147,17.429263301395203,17.512094549010467,0.02813333333333334,0.030642612357914996,0.013690404707577875,0.012631666376306078,0.05533333333333334,0.05619988996890607
1963-01-01,29.828137281210328,30.113913338695422,17.958287820624456,18.110467425786673,4.783128687517817,4.882908055787353,106.2825272106497,107.86832008039995,29.326469092472838,29.490047714716283,15.63324986348973,15.601474950124258,17.65362759944149,17.704567393460124,0.029066666666666668,0.03131437699986962,0.012256367332297069,0.012739677417242514,0.057666666666666665,0.05538808114392993
1963-04-01,30.032972975894527,30.386079689117924,18.046576116831986,18.2527261931591,4.84770465675326,4.947464287883474,106.49550718401966,108.04576696753907,29.453049947670575,29.654267471850098,15.696458225785362,15.6951215002946,17.92832041936818,17.897873924633306,0.0294,0.032054142286237035,0.010187060645776125,0.012936905245079176,0.05733333333333333,0.05450079079035835
1963-07-01,30.566655513460816,30.666813088195095,18.279642040200105,18.399828312814336,4.961856990792316,5.014542185158422,106.34557543906848,108.25455886741324,29.597371577514245,29.8283928635762,15.962685982886999,15.78786602245603,18.19296970170636,18.09109729455649,0.03293333333333333,0.032857621041520665,0.012358148654268986,0.013225790556994852,0.055,0.05354496565348932
1963-10-01,30.6385007559672,30.95529652930829,18.274693596891833,18.551397954744612,5.022051413943475,5.083730302777377,106.72461457038192,108.49199964991865,29.761541770965042,30.01282141628679,15.932370580429842,15.87939887566315,18.31925013622572,18.28330126409583,0.03496666666666667,0.03371886725129509,0.013031631323302761,0.01360705539729377,0.05566666666666666,0.05252932281771021
1964-01-01,31.152066581892292,31.250617465025208,18.583704203294467,18.70697048564958,5.1379223190160515,5.154559228585835,108.32382822930053,108.7541830097686,29.935206872417048,30.207820058573233,16.010936877393025,15.969513916783164,18.488471367798585,18.473576736059023,0.0353,0.034631982221317234,0.01488394070049015,0.01408087953409095,0.05466666666666666,0.05146348876387491
1964-04-01,31.365776607931377,31.551624138015796,18.834791277829886,18.865888269369037,5.107729040976021,5.226492074261922,108.35696341693979,109.03606279770172,30.13787039526333,30.413509207065758,16.079553573633802,16.058034708141445,18.68677599034822,18.661003264417296,0.03476666666666667,0.03559184713197862,0.015509818953824306,0.014647083095455177,0.052000000000000005,0.05035905081274297
1964-07-01,31.719937380314743,31.857055569655884,19.08712147835202,19.027392102970627,5.1625552425862855,5.298950019281701,108.5853454748299,109.33228073505558,30.316159224092836,30.629845107848787,16.20538459186052,16.144808143894114,18.951660800620402,18.844637737207645,0.03496666666666667,0.03659376067478244,0.013967955865954451,0.015305988122684237,0.05,0.04922959827126318
1964-10-01,31.677200559318802,32.16548120575136,19.033376733958644,19.19067620636342,5.223393065602276,5.371244366183678,109.16420196090154,109.63699809662917,30.498946650506156,30.856612728650013,16.09382284921014,16.22969261808314,19.167220200025977,19.02352328372974,0.036833333333333336,0.03763250580344107,0.013565664834522151,0.016058455866987405,0.04966666666666666,0.04808974603962636
1965-01-01,32.30925329218188,32.475325945599074,19.342205298815486,19.354944310065232,5.69592433734,5.442560654008751,110.40351600839901,109.94384214392747,30.696839155139823,31.093395365367854,16.258090163588985,16.312583059716545,19.371718248854595,19.196743497969482,0.038900000000000004,0.03870184853791181,0.012046790432404197,0.016904511309413492,0.048999999999999995,0.0469545905191038
1965-04-01,32.58510922426276,32.784639867450956,19.485350082239503,19.51927202090639,5.669753937204146,5.511947393273803,111.04604785183238,110.24607120683038,31.009275844286222,31.33953886762213,16.277374982273695,16.393287525914936,19.52512624220572,19.363450450711372,0.038733333333333335,0.03979505541535814,0.01498257839721262,0.017842621436616014,0.04666666666666667,0.04584021368635866
1965-07-01,33.19885308549965,33.09129359451219,19.75140426882411,19.682695524883034,5.8144723735715,5.578568391748454,110.94573518338447,110.53715821202512,31.32676430832857,31.5941174101859,16.534650471029906,16.471577355026167,19.763041749693006,19.522890080712653,0.03866666666666667,0.040905516817607374,0.01539619146842619,0.01886821715970035,0.04366666666666667,0.04476397589897968
1965-10-01,33.85120735038733,33.39295401918299,20.162567240353678,19.844198059567777,5.865939786163766,5.6416550049917085,111.62471222871224,110.81101096669916,31.668450862783278,31.855965355286536,16.729186485517367,16.547147843698454,19.991408620877813,19.67439995296531,0.04166666666666667,0.042025959550185565,0.01517249336563986,0.01997494186287226,0.04100000000000001,0.04374375404766827
1966-01-01,34.58104992581534,33.68727802340682,20.431194957012167,20.002775068959128,6.266651166473434,5.700562996207375,112.93101223431654,111.06174059375613,32.031912093589476,32.12370780780557,16.893508477527604,16.619730371111928,20.19061117852675,19.81746405511583,0.0461,0.04314771113727442,0.01972397929844738,0.021154268914280447,0.03866666666666667,0.04279673920485563
1966-04-01,34.603272565783215,33.97214021517433,20.426686452552254,20.157593768852635,6.168598037049891,5.754775858138874,113.72336417381652,111.28392748091484,32.47900663203348,32.39580321699955,16.74627375637479,16.689167987743726,20.212227071733704,19.951767194393256,0.04586666666666667,0.044261874545003445,0.022885913720105178,0.022394670151762865,0.03833333333333334,0.041938407596693164
1966-07-01,34.79641567668142,34.245919175485746,20.55979706221004,20.30806929065952,6.079071427150422,5.804117454456369,113.9312503917604,111.47329243750892,32.88438146433814,32.670598021290594,16.74690423426787,16.755474670710793,20.079040667401646,20.077236597771716,0.05043333333333333,0.04536139792004138,0.02684831556746281,0.023683723482147558,0.03766666666666667,0.04118165415399594
1966-10-01,34.9778186741312,34.50735742472166,20.570249224704533,20.45377460069879,6.122257888155082,5.848676666258943,113.28990734317257,111.62706797491911,33.24883428032565,32.94643413039426,16.831040110264144,16.818702963815365,20.05283787621008,20.193977925381535,0.0521,0.04644023240413302,0.0315962948229811,0.025009313839492814,0.037,0.04053712063616442
1967-01-01,35.170640329217555,34.755527492603534,20.594720750107008,20.594435445285853,5.949932260155998,5.8887316335973505,112.78373650997604,111.74402799138919,33.60030921808949,33.22173232705248,16.910801562714738,16.878903121529145,20.225989463209405,20.302116101364135,0.04513333333333333,0.047495499098656455,0.026673433711159822,0.026361304027910225,0.03833333333333334,0.04001325193541952
1967-04-01,35.06010542570063,34.989795213025765,20.791100124987647,20.72985044492101,5.678075056281113,5.924751496436005,111.67366465641967,111.82401102132485,33.88197555583068,33.495052478210646,16.91688667060686,16.936136062507888,20.528536386612902,20.401703907132003,0.0366,0.048527856459737215,0.02315695267927076,0.027733673714626067,0.03833333333333334,0.0396162822435845
1967-07-01,35.21864778994322,35.20979540009817,20.78834503923964,20.85982011008857,5.813989476911469,5.957266739123136,111.49287548494213,111.8675396696179,34.04566720635511,33.76514821446017,16.982619508805122,16.990485633554513,20.783582643686746,20.492760811898876,0.043,0.0495364865898975,0.024869545908737578,0.02912059764791866,0.03799999999999999,0.03935139580335638
1967-10-01,35.32293640657947,35.415223060308044,20.76839857298509,20.984185740591716,5.917071435732568,5.986668960294514,111.49300653632348,111.875079448959,34.250268106631104,34.03098080473237,16.997213349277533,17.042026553898136,20.894672282926603,20.575399466560178,0.04753333333333333,0.050513116681372164,0.02578086266732771,0.030513390125419246,0.039,0.039222975014363254
1968-01-01,35.90445994588121,35.605796390267166,21.17410316575479,21.102746725426126,6.012641918389373,6.013272501308575,111.25416052563884,111.8468965530962,34.49529799352149,34.29166109077914,17.258026788654494,17.090831274685463,20.938645400288692,20.649928651875932,0.050499999999999996,0.051445388622277384,0.03367021860924968,0.03190070853742206,0.03733333333333333,0.03923455765385613
1968-04-01,36.38044594598183,35.78119360525722,21.415832494812673,21.215168073451885,6.1887454941565325,6.037358260271636,111.94071508978763,111.7830522838236,34.77283900024175,34.54641754600998,17.36824717096343,17.136946524265582,20.98957742324805,20.716872403242036,0.0552,0.05231908193613679,0.03936146949486097,0.03326825244456006,0.035666666666666666,0.03938954213970208
1968-07-01,36.51398184141528,35.9412984875317,21.740455318303265,21.321160127406728,5.978604091201908,6.059215273810812,112.26703200238416,111.68327109142865,35.060342702847755,34.794591723568004,17.348976493752428,17.18052562115234,21.10341035898903,20.77695181356581,0.05196666666666666,0.05311938527858508,0.04046148846278852,0.03460282735126108,0.035333333333333335,0.03969013862456779
1968-10-01,36.48334324684697,36.08639118261986,21.669868960716435,21.420561299958994,6.058760844563825,6.079234011396698,112.42849313625074,111.54741133141502,35.261226002400655,35.0356574321158,17.283637857424903,17.22186915237738,21.190838916418386,20.831074820883973,0.05586666666666666,0.053833287879046815,0.0429622469255142,0.035895047022609386,0.034,0.04013623046394933
1969-01-01,36.88938480715097,36.21713678673665,21.79950342000917,21.513476808506027,6.401943417123435,6.097761318466679,112.96969714189787,111.37573022315021,35.48451525851424,35.26925040681924,17.383083008327016,17.26138700479288,21.23731374654261,20.880368603618,0.06093333333333334,0.05444705851781414,0.041978851161060815,0.03713918688688397,0.034,0.04072497801003573
1969-04-01,36.85016671437918,36.33447892254476,21.851715725537147,21.600177574120764,6.307900383614086,6.115136885730125,113.55165766495273,111.16906545089309,35.79959160063087,35.49514821552962,17.253239292424063,17.2995323611338,21.06882041736075,20.92619934389435,0.06196666666666666,0.054948236836921426,0.044550810014727604,0.038333939372303096,0.034333333333333334,0.041449706470976067
1969-07-01,36.935324284000295,36.43981003779214,21.82597963182307,21.681124839012046,6.367635045734214,6.131891787835896,113.61294975283387,110.92926829142004,36.07236073389552,35.713267832433345,17.24118057583423,17.336839052786853,20.81974191306662,20.97016992993747,0.07023333333333333,0.055328416400162755,0.04648862512364005,0.039481021697256403,0.035666666666666666,0.0422995379436631
1969-10-01,36.57828248973197,36.53487498651847,21.865853310921096,21.75695022302379,6.045237968814419,6.1486826265037555,112.72293186649496,110.65967296985258,36.33008095313408,35.923725086537075,17.119314772311903,17.37381668186673,20.631974999594515,21.013987005576944,0.07353333333333334,0.05558357728997576,0.04701096750939704,0.04058603662428502,0.035666666666666666,0.04325914679177856
1970-01-01,36.335871541135205,36.621756834145174,21.834879199450143,21.82838990386018,5.811008725641992,6.166318685805753,111.69037156784667,110.36525800368777,36.48517861605208,36.126873143852066,17.082398997845427,17.410919082520802,20.315642028579905,21.05927696108889,0.0721,0.05571901516188135,0.049008108521597205,0.04165896666807155,0.04166666666666667,0.044309061834456036
1970-04-01,36.19358367495553,36.702593012191144,21.754975972213348,21.89626174619293,5.8138619407326395,6.185553147745657,109.6302098586368,110.05224082638364,36.57082050395334,36.32333645327055,17.2085411870023,17.448443056391614,20.063935786833294,21.107438370540024,0.06676666666666667,0.05575124426892758,0.047283347600583836,0.0427138099251018,0.04766666666666666,0.04542506659075096
1970-07-01,36.320397506934256,36.77936399746427,21.853993202603558,21.96140044900564,5.815763607728398,6.206919191922557,108.45977614383968,109.72760070638411,36.64106250857802,36.51398511256281,17.378063913387365,17.486479787297558,20.234869239635255,21.159407947775232,0.06326666666666667,0.055707016979686344,0.04467217192319173,0.04376915770552003,0.051666666666666666,0.04658129308273885
1970-10-01,35.72094370418871,36.85374737025014,21.662135421291154,22.024563185547283,5.4717678415446915,6.230717697666053,107.00065169028225,109.39797908482193,36.703678460023895,36.69986874641077,17.232078611270186,17.524969629601852,20.388067166083587,21.215460896132395,0.05353333333333334,0.05561997030172814,0.04612963509393131,0.044846457280517664,0.05833333333333333,0.04775327433254267
1971-01-01,36.48825709700515,36.92714540840872,21.831636695473176,22.08644912843395,6.0910943329348495,6.257001907335568,106.90625292290694,109.06914809007371,36.68785234030218,36.88214255171283,17.61499698139841,17.563784153727187,20.612764237754845,21.275283221915412,0.0384,0.05552846602367787,0.043947496353913484,0.045967720305172204,0.059333333333333335,0.04891972172077535
1971-04-01,36.4767417151433,37.00024988901998,21.869085426755674,22.14753613639213,6.225114152225136,6.2853181798639435,106.64469425808083,108.74530510560845,36.82237400495308,37.061989901424,17.614919943136908,17.60260837198374,21.011273199514594,21.338028647922997,0.0425,0.0554695617860552,0.04423502259832679,0.04715576042069458,0.05900000000000001,0.05006595916492537
1971-07-01,36.57442031376393,37.07348109476135,21.9134093862666,22.208146533218,6.275206843788407,6.315100400676819,106.05661731586,108.42924055145065,36.99116619875421,37.240496065333375,17.697334810554782,17.641156609491546,21.300592902003427,21.40241887796094,0.050100000000000006,0.05546960993811498,0.04438095238095241,0.0484321286283262,0.06033333333333334,0.05118381908973909
1971-10-01,36.4535024609152,37.14693181228683,22.10365514878932,22.26843019976526,6.076446363195612,6.345734450182506,106.59134218917012,108.12239503741444,37.1610011059684,37.41861649677358,17.55309446369919,17.67914843059441,21.573659557419173,21.466953542385706,0.0423,0.0555468568529958,0.03742008273787145,0.04981655046816951,0.059333333333333335,0.05227071769548478
1972-01-01,36.7074879397266,37.220380285543015,22.041870974521633,22.328352261209247,6.352562261081866,6.376569285310911,106.5817730472394,107.82470320689512,37.06648755762366,37.59716753591712,17.692187224798253,17.716336251667684,21.64471154688203,21.530050017477752,0.03436666666666667,0.05571619289762495,0.038511688553599654,0.05132621949517237,0.057666666666666665,0.053329789628833
1972-04-01,37.34364485729205,37.2931637881688,22.333721248465604,22.387773599304534,6.68799059858866,6.40676754270194,106.79273925259317,107.53514341016857,37.268093398860714,37.77681815328773,17.94158660717098,17.752391140200412,21.93373577910848,21.590174226420572,0.0377,0.0559842291533966,0.03273782116216961,0.05297058147195122,0.057,0.054368583671227974
1972-07-01,37.49675344985806,37.36429041131068,22.540454211289028,22.446372522729384,6.772314055714636,6.435461002215223,106.82911148186803,107.25192902361064,37.543880618148314,37.95791286831169,17.964742048967615,17.786966553351245,22.338070229676386,21.645847935992897,0.042199999999999994,0.05634423324781055,0.03164326098851,0.05475107307928398,0.05566666666666666,0.05539735915226256
1972-10-01,37.94380141044472,37.4327925336072,22.85649596710057,22.503790102639638,6.844511232643408,6.461940414831052,107.43236739436529,106.97282981673743,37.85009841964026,38.140479537533636,18.061084075410456,17.819831697633706,22.681315615783337,21.69579430302598,0.048633333333333334,0.056778045165145785,0.03366866050389694,0.056656485522755026,0.05366666666666667,0.056428020036735124
1973-01-01,38.683261357157456,37.497778905325205,23.16819824643692,22.559722949124694,7.141726070986201,6.48569395368216,108.48962486633403,106.69537562115529,38.14899793362806,38.32428373708398,18.245926669707615,17.850865551011353,22.837565120389744,21.739156712857874,0.057,0.057258664743901386,0.0352002152369848,0.058661167625391974,0.04933333333333333,0.057472638606640564
1973-04-01,38.902976461188366,37.55867133428223,23.127026485138686,22.614084821093122,7.379389353593941,6.50643968144579,109.06699576736906,106.417406973415,38.51017686071367,38.5089024533674,18.226152425894224,17.880097136712553,22.743826304943966,21.77568214998615,0.06603333333333335,0.05775400137768159,0.049088233982790275,0.06072510081958568,0.04933333333333333,0.05854156129811745
1973-07-01,38.49831209727615,37.615620968335016,23.060704765233066,22.66716612100966,7.097350836170817,6.524289316068476,109.23955301528623,106.137893162802,38.91722034146828,38.693793550456824,17.95185720359848,17.907801282994193,22.50553075029178,21.805794254901794,0.08323333333333333,0.05823180279462568,0.05887032617342869,0.06279360344248423,0.048,0.05964004748150858
1973-10-01,38.668000616372986,37.66960920459557,22.889463414440094,22.71957882151155,7.356430425962183,6.539874692432993,109.23025393117804,105.85744154872862,39.24297044540357,38.87840525317596,17.979450864369653,17.934469886861596,22.23760559301104,21.830518651353945,0.075,0.05866499130534526,0.07176362281355497,0.06480472078946274,0.04766666666666666,0.060767601384678745
1974-01-01,38.139731565704764,37.72217090214661,22.810756984461587,22.772185721735315,6.863703547057519,6.554181634038602,108.20526034982538,105.57855391810713,39.61866432409761,39.06231592554779,17.78342974051086,17.960625647189108,22.115045282371142,21.85132165145743,0.07616666666666667,0.05904211517703861,0.0905310577839382,0.06669404610760318,0.05133333333333333,0.06191645220581684
1974-04-01,38.03607108189948,37.77546748343954,22.88101652314953,22.825963941755486,6.895737014513966,6.568689020991747,107.9412102139549,105.30577007418164,39.85910171320719,39.24532514542854,17.725706911117047,17.98682258449617,21.754344810758713,21.869930506317417,0.08153333333333335,0.05936193205733822,0.10025499362515934,0.06840152195775262,0.052000000000000005,0.063070641058913
1974-07-01,37.48918268863948,37.83193298293556,22.812171967608826,22.881924127061378,6.512747779842292,6.58507904976706,107.0251497703907,105.04519680438527,40.10194733475511,39.427577601391434,17.53059017002712,18.013506350070617,21.25473065748819,21.88824364803367,0.0819,0.059633902438557554,0.10973370064279164,0.06988198903305581,0.056333333333333326,0.06420759460866204
1974-10-01,37.15764433533872,37.89417932515723,22.277667189162532,22.941121752351673,6.534995145688517,6.6052523337100055,104.72989032376591,104.80450214826857,40.24057981598011,39.609605228239225,17.600866403583623,18.040960372804218,20.85891270256981,21.908093550905516,0.0736,0.05988134393880762,0.11514234293193715,0.07111019644644968,0.066,0.06529782036909704
1975-01-01,36.52775062732323,37.96462159310151,22.26744530747333,23.004580259975405,5.521849078134755,6.631091678719668,100.94708535849222,104.59251245415801,40.38612202844213,39.79237184159459,17.69884765887211,18.06916298343892,20.684011661756372,21.930916978410757,0.0575,0.06014149048717535,0.10327295837305384,0.07208580063062725,0.08266666666666665,0.06630690444095393
1975-04-01,36.614740512104504,38.04523030467511,22.466915589789107,23.072912969725348,5.392532317661011,6.664476133277523,99.54477224020978,104.41795435139404,40.27888003184755,39.97725403894438,17.91971727382492,18.09781310236934,21.02801147104684,21.95748408984577,0.05393333333333333,0.060460150172785845,0.08605971648190348,0.07283597810983497,0.08866666666666667,0.06720087178723802
1975-07-01,37.0303101183867,38.13707988586524,22.67948936934508,23.146271784871377,5.74337766602052,6.706575934391441,99.88193218761911,104.28721719612311,40.10481761172528,40.166025851630984,18.110745409409947,18.126373181627326,21.294308905070952,21.987765970082325,0.06330000000000001,0.06088148015320971,0.07733102644149392,0.07340739738190832,0.08466666666666667,0.06795597222234573
1975-10-01,37.34470596612362,38.24034791063426,22.812194523186086,23.224426896943957,5.855245024782811,6.757725016103537,101.10508081139598,104.20359466739167,40.05536721104506,40.36068470295603,18.128406499315247,18.15419007472327,21.344200484810568,22.021140066880776,0.05626666666666668,0.061445558325492894,0.06826101309467036,0.07385499178116535,0.08299999999999999,0.06856187168247309
1976-01-01,38.00264499671697,38.35451722217073,23.169316618584,23.306851102177134,6.359314714419748,6.817637998479989,102.2801059933022,104.1676202304631,40.041352450084105,40.563229062212116,18.312000075503523,18.180596896218958,21.688417108584513,22.056539688442403,0.04916666666666667,0.06219397416158558,0.06005184331797242,0.07423614691008634,0.07733333333333334,0.06901868028784384
1976-04-01,38.110298842111824,38.4785031206228,23.239412240418556,23.39274980003692,6.631135049067428,6.885430743842916,101.86029808317912,104.17792576004187,40.1644914410878,40.775506191111916,18.393256248949648,18.20490698575756,22.017851809250896,22.09246089217864,0.05156666666666667,0.0631650803261512,0.055980367749048465,0.07460475213447249,0.07566666666666666,0.06933553198888015
1976-07-01,38.13520015755731,38.61099144073363,23.424299042901605,23.481231043118818,6.6364528194347425,6.959902556464969,101.77633204647654,104.23201423321063,40.337597088046905,40.99907393656305,18.387444725095243,18.226512681508655,22.207284850554537,22.127157341129703,0.0515,0.06438908741666892,0.05233390357155332,0.07500583163037985,0.07733333333333334,0.06952675739415753
1976-10-01,38.240749271314456,38.75042212618778,23.57401222945754,23.571293093770034,6.675370535317056,7.039648429334209,101.87242189915402,104.32597382834314,40.52145595577288,41.235140509923525,18.397723751231748,18.244921898916676,22.506269265230078,22.158825029375684,0.04673333333333333,0.0658889570220807,0.051297898640296546,0.07547276933362362,0.07766666666666666,0.06961064407142517
1977-01-01,38.52401383429824,38.894914412484255,23.79287640620719,23.661883084957985,6.979969806963073,7.122993189955601,102.50197026961223,104.45437083876627,40.71082536336701,41.48452685069077,18.429832962869686,18.259742455783986,22.802736675546633,22.18570069409849,0.0463,0.06767959505169308,0.05861975275098508,0.0760247792249822,0.075,0.0696103586983942
1977-04-01,39.08956077318067,39.04223801581185,23.880291656828906,23.75193362048734,7.409529848836123,7.207943847115036,103.97080441580684,104.61022632448083,40.95622511932345,41.74762567008096,18.489308996359295,18.270678141257484,22.983245397836576,22.206231013623338,0.0484,0.06976393515000714,0.06779832272405795,0.0766659659910507,0.07133333333333333,0.06955410296689779
1977-07-01,39.601304756863186,39.18989456431353,24.056533691074193,23.840443353388057,7.741541546282998,7.292318361198559,104.5731151027227,104.78530914411245,41.29118575334929,42.024352797549675,18.608041526585964,18.27754033559057,23.116789076768463,22.21924261593778,0.05496666666666667,0.07213154871461672,0.06764647335943197,0.07738955617687802,0.06899999999999999,0.0694734470945827
1977-10-01,39.42598636035096,39.33537759039823,24.1336360223717,23.926476997751912,7.692919374195387,7.3739594825806325,105.1300468377701,104.97094439700317,41.71475818526785,42.3141227482714,18.39598213748505,18.280278695677673,22.993801227933822,22.224044046490604,0.061099999999999995,0.07475865468364684,0.0659742635051277,0.0781832340504712,0.06666666666666667,0.06940107331807464
1978-01-01,39.382122331538056,39.47640144548058,24.208484305773716,24.0092221098848,7.773569252951033,7.450896677079377,105.16880721346502,105.1582675876323,42.11748580922967,42.61587090515855,18.30943834583101,18.279050355222914,22.988220638604133,22.220501841782774,0.06393333333333334,0.07761074394394257,0.06429258902791135,0.07902859445307632,0.06333333333333332,0.06936936796956525
1978-04-01,40.727623815818305,39.61070631435054,24.653261186168113,24.087986396865393,8.219890577008922,7.521288770519293,107.76847645478207,105.33845149932425,42.524274644017,42.92812356343871,18.57422895987486,18.274087119828785,22.878832849749,22.208964548893405,0.06476666666666667,0.08064477072317171,0.06784632853898542,0.0798996016193487,0.06,0.06940900837708903
1978-07-01,40.95031937515962,39.735945853809724,24.65884753209411,24.162195576729356,8.418447044849778,7.583447451309854,108.17722031989672,105.5026160766275,43.016800349403766,43.2490479682124,18.554956924143788,18.265641893579875,22.811986252637404,22.190259956002794,0.07313333333333333,0.08380914086737046,0.07047636804325541,0.08076100978055292,0.06033333333333334,0.06954689934703286
1978-10-01,41.307620617707215,39.85044293764073,24.704266834934046,24.231622502793034,8.601150799505998,7.636083580972101,108.97859053972516,105.64333745350743,43.53649183846456,43.576499526830624,18.54914869627872,18.25415506841935,22.666015368993513,22.165632267588837,0.0857,0.08704233640753965,0.07543354372204192,0.08157003987227834,0.059,0.06980406505554791
1979-01-01,41.196952475377856,39.953261803773565,24.737330128293337,24.29634965484878,8.573435704016827,7.6784130043226755,109.26599633635108,105.75482022599131,44.09075164749182,43.908120097611,18.386220751117712,18.24024676957195,22.485996622765057,22.136708013297458,0.09383333333333332,0.09027616699497135,0.07801290166998265,0.08227748492902848,0.05866666666666667,0.07019577120002682
1979-04-01,41.06673518521023,40.04436665041351,24.68579184470448,24.356757692264544,8.546851310676898,7.710252482627224,109.15057971600912,105.83332236710028,44.63002434126251,44.24145304013434,18.26282801275698,18.224718997399435,22.374033754137283,22.105416985136703,0.09376666666666666,0.09344160332070287,0.08518682617043272,0.08283030267521298,0.057,0.07073053093720247
1979-07-01,41.18424932468608,40.12450124664902,24.885441369276386,24.4135083474886,8.423783975567432,7.731994374916508,109.65498109695966,105.87728105317703,45.127206061971826,44.574081833939104,18.18961624211058,18.20846235793075,22.31177283992161,22.07389546492397,0.09673333333333334,0.09647183930473302,0.09291996864930763,0.08317278547070467,0.05866666666666667,0.07140965173347442
1979-10-01,41.074548699555535,40.19505876020894,24.956951420809528,24.467476882851457,8.26163178402633,7.744576582753433,109.31973729411762,105.88720633514635,45.54837158598858,44.90376303189704,18.1183022249879,18.192388244218403,22.116468081050026,22.044434258797022,0.11843333333333333,0.0993002720316519,0.0986324786324786,0.08325069850256081,0.05966666666666666,0.07222585947340647
1980-01-01,41.028692326435404,40.25810612808256,25.034831723329003,24.519841115370834,8.155642389043061,7.749393771196873,108.58235044069879,105.86596128888023,45.95536784070342,45.22853764193336,18.121358787256828,18.17739310298029,21.9474267019045,22.01945983007211,0.13353333333333334,0.10186046201981741,0.11064817403948336,0.08301589894732533,0.063,0.07316391567589564
1980-04-01,40.02640233962128,40.31627405153687,24.392328414731576,24.57209380946659,7.430409393080061,7.748183644415096,106.18071035984411,105.81854588151016,46.337106409147076,45.54680011943769,17.885704691889806,18.16432422404049,21.671443125562696,22.001434469673743,0.09616666666666668,0.10409792795090114,0.10756961267318133,0.0824298575941233,0.07333333333333333,0.07420073236433472
1980-07-01,39.813679334962266,40.37268963292487,24.58345210327025,24.626060538573828,6.900302939677605,7.742947256298674,105.24966965588591,105.75164776376695,46.5137218385857,45.8573631369105,17.86897846793526,18.153991892213252,21.747936532087227,21.99277259875478,0.09153333333333334,0.10597798405114559,0.1060557768924304,0.08147131540401242,0.07666666666666667,0.0753068691148191
1980-10-01,40.415843195576066,40.43031598040626,24.798298052273907,24.683469852130678,7.465342607342861,7.735486659861086,106.30239419940372,105.67217704035636,46.58368389982552,46.15951148710333,18.01279467435237,18.147030245271814,21.570949386455283,21.995687205609677,0.13613333333333336,0.10746098750849048,0.10660754110263992,0.08013472568497476,0.074,0.07645234337904977
1981-01-01,41.06525448877395,40.491780426838744,24.786504669709252,24.74604058350913,8.14128082159477,7.72704390414534,106.53670763530437,105.58671571652054,46.7918510624064,46.45293301880512,18.24755528857958,18.143894655681525,21.303277310066058,22.012254606851517,0.1439,0.10849826760417702,0.10224325889372853,0.07842990703342267,0.07433333333333333,0.07760802248219767
1981-04-01,40.62693001336423,40.559717919407966,24.633146272336923,24.815583347689355,7.8342444851593855,7.718685037167796,106.26788854614497,105.50221883378674,47.169098920894285,46.73758453665693,18.03170503858142,18.144958216760077,21.383572867956953,22.044311761321246,0.14906666666666665,0.10905907383558686,0.09397655501216473,0.07638322355540464,0.074,0.07874324103482186
1981-07-01,40.97483092339685,40.63714056855173,24.606684044689946,24.893959074205572,8.197167856323466,7.711723321616801,105.82370385107251,105.42620974438374,47.452304854411004,47.01364493694133,18.19753081994039,18.15066148711964,21.288690315100386,22.093284393329952,0.15053333333333332,0.10913478178284905,0.08656917128929219,0.07403592270188175,0.074,0.07982528696676336
1981-10-01,40.39145912766627,40.727130829362494,24.308204630748573,24.982944475418208,7.921092497494477,7.707539367563595,104.99517853471751,105.36666767041586,47.81580860351316,47.28157796323964,17.98223666537648,18.161377854110462,21.394749014440432,22.16022574759063,0.1175,0.10874177177161207,0.07658238230262704,0.07144024775597557,0.08233333333333334,0.08081848368221635
1982-01-01,39.646310859951,40.83301914971838,24.38804216902553,25.08417068338079,7.123545205208516,7.70780711085614,102.89419065930568,105.33180731981835,48.11812759058765,47.542142070448506,17.84452323874668,18.177514833081087,21.518106934825884,22.24572701748355,0.12813333333333332,0.10792229822224336,0.06269986295111907,0.06865627528117482,0.08833333333333333,0.08168351378102082
1982-04-01,39.7057949376321,40.95797417169127,24.305644259785684,25.198878754132807,7.073947109000947,7.714338631300302,103.06365470622991,105.32961410244017,48.20691993414937,47.796455072675805,17.840675163170925,18.19937322574632,21.629830140017994,22.349940871518694,0.1242,0.10672408944775309,0.0552173424688307,0.06574729567505984,0.09433333333333334,0.08238200664404867
1982-07-01,39.439028407535936,41.10446813437589,24.43522569076098,25.327904774763017,6.946908124166988,7.72858412888623,102.0201202825302,105.36655686041055,48.286654510651395,48.04602587784253,17.82810574508797,18.227049814382603,21.615971985503485,22.4725990849494,0.09316666666666666,0.10520750565809589,0.05452174681753896,0.06277287657750467,0.099,0.08287974778939204
1982-10-01,39.33573611563333,41.27423680122348,24.803947957389024,25.47154728788681,6.3495814992362165,7.751605074196292,100.75492426986854,105.44771943785175,48.32601479093005,48.292656948093985,17.921119282420246,18.260420190454834,21.808350768651778,22.61300555247784,0.07906666666666667,0.10344382950732153,0.050064212794671326,0.05978600440762949,0.10666666666666666,0.08314999231432384
1983-01-01,39.74881770826249,41.46800665393529,24.999857468281327,25.62955714445029,6.471660983124265,7.78398402124376,101.11475605495212,105.57612319966132,48.23371483977499,48.53834169626939,18.0794948388814,18.299111165940133,22.778372939729945,22.769929975770022,0.08106666666666668,0.10149681812511016,0.04545943041375611,0.05683450862845443,0.10366666666666667,0.08317607047374852
1983-04-01,40.54698891947365,41.68530047980835,25.485278408315462,25.801269623677413,6.953928331116967,7.825368810928829,102.03438662545825,105.75185572973245,48.17723752878254,48.78513628958799,18.341842414936796,18.34253600505511,23.132063402297796,22.94161813401673,0.08396666666666666,0.09941499291436649,0.044961999446490486,0.05396014258324153,0.10133333333333333,0.0829560104440408
1983-07-01,41.241014083892296,41.92455562081194,25.93390626156966,25.98561434357218,7.291658934274087,7.874520972245911,103.79495637881917,105.97220807369263,48.23232571002757,49.034946114657664,18.442112909458096,18.389967333763455,23.185067249377873,23.126290161601233,0.09140000000000001,0.09723410643333369,0.04222990673792304,0.05119755019136862,0.09366666666666668,0.08250064702419593
1983-10-01,41.98074238538579,42.183472281221256,26.24686692101002,26.181301257315276,7.948704189713286,7.929608457916162,105.4417446922357,106.232129810631,48.367585579715694,49.2893293601422,18.56359852026924,18.440672479337255,23.36131819886433,23.322244099810028,0.088,0.09498025603635006,0.03766505669451292,0.0485757515327531,0.08533333333333333,0.081832300840015
1984-01-01,42.62400287951046,42.45927919521886,26.374218965022337,26.386977419441376,8.625809777788177,7.9883771604024,107.02617790716269,106.52518477060418,48.59934685176507,49.54936557388697,18.634997792087738,18.49394515104266,23.527949975020803,23.5277666609022,0.0917,0.09267589276123311,0.04027549342105252,0.046118161910153964,0.07866666666666668,0.08098027127957565
1984-04-01,43.25102969152762,42.74901818944752,26.70694325658355,26.601294459931946,8.833300048611775,8.048523148385451,108.1431268400292,106.8443996578858,49.07050312526756,49.81556965808034,18.718638105109004,18.54914894132129,23.770298024476745,23.741113672954686,0.09796666666666667,0.09033910498577766,0.04082713659977588,0.04384137744205629,0.07433333333333333,0.07997604587626381
1984-07-01,43.551774997595565,43.049762567060476,26.8025679493864,26.822854985268265,8.944969960282313,8.108062555406248,108.31137434456424,107.18305219383967,49.570883243741065,50.08786198293608,18.763016552890225,18.60572872704294,23.808765743722386,23.960479308494282,0.1032,0.0879873711548027,0.03525035190026138,0.04175834257913947,0.07433333333333333,0.07884966616058235
1984-10-01,43.77606194851025,43.3588231010164,27.032422687224457,27.050282976556684,8.776641661417651,8.16542762790999,108.67325523550801,107.535157798703,50.06316154995596,50.365687168492364,18.753823766244057,18.66322893611888,24.08242969194667,24.18400899470131,0.08803333333333332,0.08564293693917778,0.034819609253266215,0.03988011787155646,0.073,0.07762764696769474
1985-01-01,44.1031541732896,43.67375042255452,27.48265960737843,27.282142462084987,8.443541947873273,8.219512941207393,109.29814913655804,107.89536427189638,50.538512376416065,50.64814918991805,18.761507950319,18.721286929637873,24.510162515055324,24.40968050934014,0.08183333333333331,0.08333755590280068,0.03583074764323402,0.03821369637528595,0.07233333333333333,0.07633368042474747
1985-04-01,44.38533150711794,43.992286542993675,27.714578791911084,27.51693577777728,8.547010566202749,8.269561656963875,109.7725177530992,108.2589614978175,50.905014370053365,50.93413994031319,18.780912488176906,18.779592390414386,24.725191985442144,24.635329891208798,0.07460000000000001,0.08110447560731543,0.03421480162070112,0.03676290832842016,0.073,0.07498856637953225
1985-07-01,44.94515612152135,44.3123774442065,28.217920517377078,27.753239486757447,8.423498257466624,8.314945385215893,109.79111716791483,108.6220528502284,51.27263900062591,51.222456512227176,18.967867221229113,18.837856383954385,25.033093791658036,24.85877679182502,0.07106666666666667,0.07897600347526022,0.034341433094419616,0.03553009462609383,0.07200000000000001,0.0736106044629086
1985-10-01,45.14573739863318,44.632156730563985,28.23479038151782,27.98970565062281,8.731766891588737,8.355203347400467,110.01932984047372,108.98163502651526,51.579687071936235,51.51184991614258,18.98709980614422,18.895787216656572,25.186196946426254,25.07782102702506,0.07166666666666667,0.07698038163191863,0.03517306615702398,0.03451600359674932,0.07033333333333334,0.07221685145174887
1986-01-01,45.34272867563827,44.95010267316847,28.401711561875377,28.225233349364164,8.685096959706813,8.389944463059674,109.30405687496543,109.33539699934924,51.850054127313655,51.801074370781116,19.115960273431668,18.95317111815412,25.30756419121547,25.290300889688357,0.06896666666666666,0.07514090886706887,0.030355643745707095,0.03372064065537171,0.07033333333333334,0.07082335749513606
1986-04-01,45.42207967432207,45.264975232093455,28.49491162813424,28.458840779788044,8.546476865191202,8.419014925391108,108.71590670034273,109.68164873727486,52.21259332039728,52.088899043203405,19.169881900848072,19.009849090883236,25.807538012174934,25.494059859050047,0.0614,0.07347756289863581,0.020989079622234286,0.033144421881046215,0.07166666666666667,0.06944499554332911
1986-07-01,45.72594523361404,45.57574987471958,28.949946960479174,28.689627583769735,8.294694835176331,8.442453588424875,108.95496090388228,110.0186612959668,52.522651266703285,52.37409727859591,19.230699731398943,19.065762289407335,26.268174392562038,25.686897423533967,0.055233333333333336,0.07200646254316909,0.01838463127452994,0.03278566022978953,0.06966666666666665,0.06809633228148584
1986-10-01,45.83748811126896,45.881476862006046,29.05970266776875,28.916690360284875,8.287063938662214,8.460391286655875,109.45267708288355,110.34407764828583,52.755293636799536,52.65549487275496,19.1908768001149,19.1209515335521,26.626516017186205,25.866764118773016,0.05353333333333333,0.07073617814040664,0.01743654775003267,0.032635071568706576,0.06833333333333333,0.06679332293921615
1987-01-01,46.01773972076651,46.18128047509027,29.07454236741082,29.139266006771635,8.48986580997597,8.472877848157323,110.42574364979527,110.65484535672442,52.94740558626626,52.93198812115152,19.131463902911253,19.17556152062601,26.783024941128012,26.031942994487085,0.05536666666666666,0.06966479682433033,0.019795196563153983,0.03267437112180524,0.06599999999999999,0.0655529042051207
1987-04-01,46.379926717484686,46.474239711216235,29.46494116806297,29.356663918654498,8.439862041212006,8.479864539594258,110.71397276019891,110.94732159408242,53.21611735781633,53.2025159688925,19.2153206365186,19.22978261079977,26.747505051935338,26.181178043145717,0.05656666666666666,0.06877965395091759,0.030715901086271424,0.032875775035706725,0.06266666666666666,0.06439297527429641
1987-07-01,46.657850937017876,46.759312938651306,29.777374782619944,29.568138207678665,8.372107587971536,8.48132384046036,111.18144153391731,111.2176904361684,53.47394657875469,53.46600914793115,19.245013841253844,19.283779659975576,26.639904858937843,26.313687279879165,0.06043333333333334,0.06805914854479728,0.03503595795685066,0.033203449972933056,0.06,0.063331714776712
1987-10-01,47.341963527377494,47.035380778843916,29.786487433856788,29.772997383498538,8.947140802915932,8.477213956034827,112.06906081225574,111.46196551308195,53.7175415637316,53.72139047717389,19.39564250051574,19.337710335204786,26.658561334669216,26.42906360914146,0.058633333333333336,0.0674740465135456,0.03770299497782181,0.033620212674787875,0.05833333333333333,0.06238622239945643
1988-01-01,47.45752870571937,47.30124203153485,30.23192409188595,29.97067123486932,8.498970585761647,8.467435493324256,111.87371559705687,111.67612091852602,54.081960201165586,53.967572908378344,19.41904218937887,19.391709704978314,26.841985689411644,26.527134926214313,0.05723333333333334,0.06699034763023165,0.03613451481696672,0.034090025200064766,0.057,0.061571515507883194
1988-04-01,47.970481343717715,47.55587176747837,30.424683174994758,30.160592109621476,8.637630659544133,8.452185785639493,113.20300629389624,111.85650342826588,54.34545953149595,54.20345384475517,19.44569789107531,19.44595071208342,27.03550745051077,26.60790782413584,0.0621,0.06656852622218692,0.03756991529234033,0.034579401346496716,0.05466666666666666,0.06090007841167946
1988-07-01,48.13401092353698,47.79833328294052,30.63159897854618,30.3423524306993,8.583018681459889,8.431691311712392,113.21684117602896,111.99958978483043,54.626214245159424,54.42799142549035,19.47528263959862,19.5006254024409,26.89714986618207,26.67162213382037,0.07010000000000001,0.06616295848280739,0.040495278817031855,0.035056132717827274,0.05466666666666666,0.06038153822333996
1988-10-01,48.66692710447057,48.02794434694435,30.95623308535299,30.51571145853386,8.677453215834039,8.406300675027314,114.23464286352333,112.10271312150783,54.89525596093885,54.64022506858461,19.54305376814861,19.555927823642158,26.8404483119489,26.71882104825222,0.07726666666666666,0.06572522777660007,0.04200300273779023,0.035489879989016135,0.05333333333333333,0.060021626173018816
1989-01-01,49.023633337357985,48.244234573618826,31.045737223878742,30.68061544914818,8.943996222543234,8.3764607590865,115.04745004599516,112.16399610996719,55.147324878259575,54.83931415228519,19.564383387488675,19.612038294325057,26.636937943119232,26.75022475533045,0.08539999999999999,0.06520937811902033,0.04572219690862567,0.03585370330133504,0.052000000000000005,0.059822501696147244
1989-04-01,49.29067375762234,48.447139752011616,31.210463179464043,30.837296123431646,8.791555702558142,8.342785759581162,115.23347733887536,112.18292399722183,55.49145823311137,55.024577327348666,19.60756880538594,19.66913113487331,26.480280848448235,26.76666220062526,0.08410000000000001,0.06457666692482975,0.04823892394092777,0.03612473349777369,0.052333333333333336,0.0597821440451317
1989-07-01,49.54290639235635,48.637096109236026,31.397481423870914,30.98622879046867,8.668017678186985,8.306226883353075,115.22494113220272,112.16080868965635,55.780373321233014,55.19552947710045,19.67306551195966,19.727352753140487,26.732317530895788,26.76891963019036,0.07843333333333334,0.06380097074746556,0.04159032926390771,0.03628626922982636,0.052333333333333336,0.059893643408818587
1989-10-01,49.53015459231523,48.81508677321744,31.487813986565257,31.128140619542606,8.581962726509943,8.267993883802246,114.96774967499186,112.1008868186809,56.03154717505886,55.35198454747125,19.665641758560785,19.786812604483778,27.003033524474677,26.757627090285872,0.07653333333333333,0.062868368223537,0.03927584628684766,0.03632918051801432,0.05366666666666667,0.060145434469359445
1990-01-01,49.67258082344678,48.982685823586095,31.61637620301821,31.264036996271667,8.549887394984232,8.229495798686383,114.37989699804199,112.00831544073436,55.9286737721989,55.49413288932732,19.800748706354685,19.847587386046055,26.88613512989854,26.73341192578216,0.0776,0.061774083216269426,0.04236563824973594,0.03624765242038013,0.053,0.06052122671510861
1990-04-01,49.74849501621128,49.141944796159315,31.58030478426093,31.39517192140266,8.469891896959195,8.192306932117521,113.63251488674764,111.89003241685843,56.15211588355496,55.62260354953659,19.887920544078224,19.90967842388326,26.754715091181115,26.697070929610483,0.07746666666666667,0.060521880192081795,0.03785035138486981,0.03603771166107186,0.05333333333333333,0.061000680404543706
1990-07-01,49.66656517653243,49.2953792420186,31.762043535746827,31.523045161840027,8.263440543822597,8.158168248311418,112.78518557839274,111.75443132853984,56.33641653158277,55.738314625325245,19.92912984807034,19.973057688746295,26.75557416446551,26.649508842402522,0.07476666666666666,0.05912541481538296,0.044861257233035134,0.03569920870538093,0.057,0.06155875502944545
1990-10-01,49.08142519481467,49.445918998870425,31.615475033419543,31.6492995685004,7.744281643347464,8.128963043356626,111.99964964890879,111.61095461580636,56.44019642408699,55.842532578721524,19.771272764428637,20.037683211408957,26.683881638614995,26.59167504385151,0.06989999999999999,0.05760893324212836,0.0504322296525852,0.03523312691842615,0.06133333333333333,0.06216561798967507
1991-01-01,48.747817633760775,49.59676385028591,31.28784171221887,31.775755409418323,7.468001938273994,8.106619024177043,110.65439946650804,111.46963990367969,56.443464913534946,55.93691476633599,19.791332000250353,20.103484909710858,26.692984520802742,26.524589622653597,0.06023333333333333,0.05600645741068054,0.04085274682872719,0.03464617594565609,0.066,0.0627885874632003
1991-04-01,49.028523295010025,49.75092297017602,31.424190236359216,31.904241053703235,7.4143888016870445,8.092811338159963,109.75207682933883,111.3407166304141,56.38426316153337,56.02350878095986,20.01886883424132,20.170223122327833,26.746900867907804,26.44933060667448,0.0556,0.0543596911761257,0.03712319163851885,0.033954564871728175,0.06833333333333333,0.06339446145007874
1991-07-01,49.15631853056211,49.91090469265582,31.471682128195628,32.03630476418071,7.504818701199009,8.088812154487075,109.35392986425666,111.23385928754612,56.28986685679558,56.10469521191993,20.13032055775924,20.23745709582541,26.57710416808068,26.36707706814377,0.05376666666666666,0.052712980191001686,0.031072513018989723,0.033178381888101745,0.06866666666666667,0.06395204508320343
1991-10-01,49.19153817131955,50.07879292837721,31.40976461392213,32.173216054928446,7.68581368522342,8.095480726524485,108.8683597132921,111.15771671602545,56.20293348592337,56.183096161777684,20.214031668808683,20.30464459210694,26.430581981882714,26.279184184368777,0.0454,0.05111144530086131,0.024999223626595457,0.03233969557796541,0.07100000000000001,0.06443323029039454
1992-01-01,49.67055450508202,50.25622350734592,32.00784638737409,32.31590808361176,7.468940612595722,8.113339204821052,107.97507254836525,111.11975139905663,56.19537671105947,56.261465167377416,20.52143848568838,20.371168575851957,26.501726395381315,26.187123982374192,0.038933333333333334,0.049600865905304645,0.026027185665739916,0.0314592583564646,0.07366666666666667,0.06481285563796185
1992-04-01,50.09641139487964,50.444295595116365,32.172968315675526,32.46484499253795,7.843259418026937,8.142694912457717,108.14105674168295,111.12600482139104,56.13192091642875,56.34258374469211,20.68490493672568,20.4363468884918,26.30125669431332,26.092444795071337,0.0368,0.048223451750618734,0.027237533413217996,0.0305532348437751,0.07600000000000001,0.06506986392328368
1992-07-01,50.455702543430874,50.643758609155064,32.478521581385145,32.62030629125541,7.869291655853465,8.18348350657938,108.04457889799039,111.1805732438639,56.139366632539584,56.4292082478896,20.84437928595645,20.49958313098886,26.132058132949314,25.996868351032052,0.030833333333333334,0.04701474537523314,0.026824951171875,0.029634394614641024,0.07633333333333332,0.06518873157563126
1992-10-01,50.82633073952521,50.85515942980407,32.76843006640619,32.78239406919829,8.048781938615699,8.23549272927914,108.39744153233863,111.28572674171981,56.13208322454512,56.52398076343939,20.95399116696417,20.560429527364178,26.056775328186422,25.90222086320467,0.0307,0.0460031496602333,0.026525480215718433,0.028713434930412382,0.07366666666666667,0.06516076635932383
1993-01-01,50.78217392618773,51.07894133812646,32.82252365674009,32.951125000216855,8.178843616440211,8.298344801689973,109.08843789718713,111.4418179469625,56.19954203058952,56.629381566761886,20.84072975533091,20.618648917626867,25.77119530341499,25.810385789075948,0.029600000000000005,0.04520695410417846,0.02622506586375617,0.027799297150287453,0.07133333333333333,0.06498424141477913
1993-04-01,50.960221955562645,51.31554356314954,33.070037562185824,33.126509435896004,8.191422006527338,8.371568472606706,110.07589340355051,111.64743545204227,56.309326271743046,56.747667523405184,20.777463487402823,20.67424766720888,25.67268606048182,25.723315945447915,0.029666666666666668,0.044634883737090236,0.026276040498302455,0.02689955516176784,0.07066666666666667,0.06466274607010702
1993-07-01,51.06899905950914,51.565232248808755,33.297440812502195,33.30847856186476,8.131832002008865,8.454631478399635,110.43451582185268,111.89973063929902,56.40046052387265,56.880850840178475,20.766081447005572,20.727372251002418,25.57593839240197,25.642915026087724,0.030033333333333335,0.044285909242675135,0.024207210152465297,0.026020798957801065,0.068,0.0642038378358665
1993-10-01,51.61703245397705,51.82806026222535,33.50486351480924,33.49692815977801,8.486454446693621,8.546890461806509,111.16896365608665,112.1948939144981,56.46232448228199,57.03069621353751,20.890673038302346,20.77823647230433,25.515839516843062,25.571035089612437,0.030600000000000002,0.044149646168970644,0.02297714091760983,0.025169228834669974,0.06633333333333333,0.06361882667298935
1994-01-01,51.994537909411996,52.103773032028215,33.76758088525782,33.69174627675867,8.780718385650768,8.64748367912559,111.58491005889869,112.52819784170742,56.63648864202504,57.19869631693937,20.969821418183543,20.827081499886287,25.405937341684865,25.509472337937265,0.032433333333333335,0.04420680220407093,0.02055246673610389,0.024349911595654087,0.06566666666666666,0.06292139514375997
1994-04-01,52.582243515025745,52.3919827687114,33.98006925780837,33.89282474999383,9.17820298963034,8.755483725681847,113.14907483740507,112.89424934189333,56.886379328751126,57.38601710143338,20.983471046906615,20.874221974444563,25.2782212829883,25.459981672406126,0.03986666666666666,0.04442961650721458,0.019410118908836704,0.023566543989084785,0.062,0.06212692237712546
1994-07-01,52.747881821144766,52.6922290116425,34.196632219987634,34.10010191450535,9.006470172755856,8.870009691299582,114.1730100359712,113.28701716682446,57.200616480794054,57.59350103771652,20.886362356282657,20.92006529355172,25.086945813957445,25.42425467862622,0.04476666666666666,0.04478296981959596,0.022285739158190987,0.022820449360256206,0.06,0.06125250329673473
1994-10-01,53.20321933633937,53.00416503305051,34.444902787465836,34.31357071746735,9.33119159108809,8.990403237680278,114.32625984328783,113.70056456980852,57.45495147341004,57.821704820054265,21.01564280910316,20.965091231551778,24.876926171844005,25.403879816014488,0.0528,0.04522889103875907,0.021191575302943022,0.02211035328878734,0.056333333333333326,0.06031515349975093
1995-01-01,53.31558681897111,53.32747459148753,34.46339654188913,34.53328579370281,9.409506420539092,9.1160582609995,114.7043499425759,114.12943417646443,57.860482305273955,58.07096421516287,20.963211899510355,21.009762734165246,24.744040322026628,25.40025415979633,0.05736666666666667,0.04572939887277731,0.0225390984360625,0.02143464716042088,0.05466666666666666,0.0593311057687768
1995-04-01,53.3636343489559,53.66196236176851,34.728322237394096,34.75938692659937,9.178942931573024,9.246548936289964,114.28400646042365,114.56848422238161,58.2332139911439,58.341407517082104,20.985018753840453,21.054578467601637,24.80660311686648,25.41447233929608,0.055966666666666665,0.04625124397282483,0.022771456343987806,0.02079114812465839,0.05666666666666667,0.058314104248811074
1995-07-01,53.67893503779142,54.0074230382321,34.923660980899896,34.99197396877922,9.10527483675348,9.381608968491927,115.31033988803901,115.01285669582067,58.50720212668156,58.6330506712709,20.95224369280663,21.100012122142058,25.05511852725199,25.447251269274627,0.05366666666666667,0.04676845028244696,0.019628436395634274,0.020178363613048686,0.05666666666666667,0.05727497781041364
1995-10-01,53.895828675226824,54.3634586200879,35.05637836893074,35.231130401869486,9.257949312918372,9.520910439596333,115.2812572329305,115.4574388445158,58.74390526377382,58.94585911732394,21.010640218566785,21.146497763158454,25.107885918245394,25.49896528217479,0.05260000000000001,0.04726111388437265,0.01933916286428672,0.019596038749777674,0.05566666666666666,0.05622352567565554
1996-01-01,54.18414201013403,54.729453409155305,35.33063510702767,35.47689921864619,9.333283102360102,9.663922495608603,115.24768220576343,115.89722573175689,59.04643140749076,59.27973456343241,21.089086430919192,21.194380268988805,25.241734309170898,25.569784818174455,0.0493,0.047713642246571056,0.02000393612235718,0.019043574954520352,0.05533333333333334,0.05516916687214297
1996-04-01,54.949489990281634,55.10447846052624,35.71137450077124,35.72921401765867,9.702632843220528,9.809907405966444,116.04332220279103,116.327025947101,59.334269095547974,59.634464099415666,21.25533147855261,21.24392223503295,25.378190598171024,25.65967592954489,0.050199999999999995,0.04811377964083355,0.02089477141539353,0.018520213099523283,0.055,0.05412097239060143
1996-07-01,55.284782233308135,55.4872322778986,35.860930888413776,35.987913857687424,10.023985844232369,9.957862977755081,116.67884181558588,116.74116417955926,59.68473013638721,60.009696054075924,21.26536665105181,21.295322687434947,25.46081752795663,25.76843697402051,0.05096666666666667,0.04845026181254744,0.021074023551682863,0.01802579428276292,0.05266666666666667,0.05308811582579466
1996-10-01,55.690768844778745,55.87627835109814,36.09052683347811,36.25282188064145,9.979630949657642,10.1066545964002,117.6574964725256,117.13371265151585,60.09243118226933,60.40489211365181,21.254839287755928,21.34879008607209,25.590820030041716,25.895723222836924,0.04976666666666667,0.048713128394824515,0.02353169433742619,0.01756164370116313,0.05333333333333333,0.052080320164742275
1997-01-01,55.79037271205876,56.270010398345306,36.24625826770924,36.52367519422918,10.156521652313662,10.255121475947895,118.10204741427448,117.49863743009581,60.37654313071259,60.81930438127885,21.205685947173002,21.40451658244806,25.667209790824145,26.041023818055066,0.0506,0.04889399177381039,0.022368003969183814,0.017130991694940874,0.052333333333333336,0.05110704498873947
1997-04-01,56.594425417268724,56.66665798616166,36.34811281713893,36.800099500801444,10.564540766854378,10.40195421420205,118.40576834985971,117.83017812539147,60.84479842287762,61.25197495830639,21.417430246744768,21.462637690574223,25.84790947716553,26.203655157035058,0.05046666666666667,0.048985122797070554,0.01812606100432612,0.016740799885960764,0.05,0.050178533012311774
1997-07-01,57.15271885320342,57.06409453490471,36.808468650311404,37.081531896273084,10.722545464554418,10.54570995417233,118.78468963248001,118.12291628044555,61.37143232468271,61.701643925179205,21.51883106159611,21.52316544209144,26.069684611795118,26.382706763845515,0.05046666666666667,0.048979858567311886,0.016467637275751068,0.016401303028758828,0.04866666666666667,0.049305793380200136
1997-10-01,57.4825921383089,57.46008768860094,37.13922400276979,37.3671028508,10.784028368840898,10.684979311491137,119.0077838938505,118.37177830234413,61.908309522189384,62.166760061456166,21.550854718457128,21.586084155048805,26.317505206829114,26.57704020025119,0.0509,0.048872462152159735,0.01275454939341425,0.016123601666070082,0.04666666666666667,0.04849972365401281
1998-01-01,57.926133141164435,57.852400108407146,37.37844312941957,37.65574114017744,11.186886792144263,10.818405695018242,119.48311723188965,118.5721099765578,62.47561120355811,62.64551799424178,21.59190096570294,21.651375814150207,26.697540874198527,26.785302651258416,0.05053333333333334,0.04865812587430157,0.008384783370628979,0.015918837799533906,0.04633333333333333,0.04777082194116211
1998-04-01,58.317566849988694,58.2387501466991,37.92112283945884,37.94619642118084,11.025270222546585,10.944647977855263,119.79188628819,118.7196814117333,63.10876325984342,63.13589317099419,21.624918253855338,21.719000561587595,27.065590388241336,27.005947205131093,0.04976666666666667,0.04833330926757977,0.007678033562822595,0.01579604777311927,0.044,0.04712844068844321
1998-07-01,58.881813994181485,58.61684651628285,38.261126237793384,38.23700246202104,11.243156556057714,11.06255949811314,119.61331610540988,118.81087828979219,63.65918006944134,63.63568895132619,21.789004920960263,21.788881093105253,27.328764142716036,27.237329323772723,0.04823333333333333,0.04789564387049862,0.008127246392360954,0.015759559146777076,0.04533333333333333,0.04658103391227145
1998-10-01,59.65510184100696,58.98439544800041,38.69329675613288,38.52663211146946,11.534126773376823,11.171025774751241,120.72534615842459,118.84282077457279,64.23361377700762,64.14262024576038,21.873890987855813,21.86088025322854,27.876944663027686,27.477791176028294,0.04253333333333333,0.04734365706993683,0.007633893954383852,0.01580862572157679,0.044333333333333336,0.04613510035363185
1999-01-01,59.99118538317828,59.33922293965538,38.895131906875854,38.813528209301715,11.811644928048832,11.269037403719011,120.08351948935703,118.81321188674279,64.80983699463452,64.65434203318485,22.004584786827763,21.934859533350487,28.1736080111555,27.725676560086928,0.04406666666666667,0.0466760873086874,0.009531575851558616,0.015937731103116377,0.043,0.045796358940647625
1999-04-01,60.33021930185222,59.67953750769577,39.459127808552594,39.09619501018094,11.705685458813612,11.355815324172331,120.42610553674811,118.72101637591747,65.50574548781316,65.16849041109768,22.005587825289695,22.010687040308937,28.400049488435183,27.979521687816565,0.044533333333333334,0.04588866657720793,0.013450940097946562,0.016136249689639302,0.042666666666666665,0.04556940249705431
1999-07-01,60.94870286335267,60.003932269563,39.8620661866399,39.37314881148788,11.915468999931573,11.430934148030781,120.83793782653329,118.56608818915991,66.13364740969489,65.68272393631135,22.107962921535623,22.088273109589416,28.636992007534623,28.238090860717207,0.04649999999999999,0.04497549597805476,0.015897299454569636,0.01638955203235683,0.042333333333333334,0.04545707612224953
1999-10-01,61.767023921939106,60.31139664645129,40.34777109533314,39.643098536787946,12.185346444173577,11.494217978335834,120.98305883736955,118.34943670034868,66.79097530080197,66.19484119859115,22.309958499738606,22.167523794486275,28.782525870000708,28.500366876311837,0.05043333333333334,0.04392982953050685,0.019358091523040022,0.016681330363985416,0.04066666666666666,0.04546041070573694
2000-01-01,61.13469718905743,60.60151072283084,40.45145485063525,39.90503302082616,11.922641763543213,11.545828733497437,119.9040844949331,118.07356349821771,66.75663458149094,66.70285947035522,22.214518440690842,22.24835634172483,28.63699589026063,28.765545425584214,0.055200000000000006,0.04274587406885684,0.02562336957241418,0.01699496925938039,0.04033333333333333,0.04557848479777708
2000-04-01,62.05506724879864,60.87477403391836,40.64397626720396,40.15836563876609,12.569921877658128,11.586393926911809,119.86266042140103,117.74266067725819,67.3848085244136,67.20511574757028,22.48020580395007,22.330776299465025,28.847997736939877,29.032969801294048,0.05713333333333334,0.04142190111727413,0.024675102374023927,0.0173155262691215,0.03933333333333334,0.04580738085860611
2000-07-01,61.92018414389497,61.13204895667342,40.92730297862241,40.402848262883055,12.362048853717223,11.616818492408497,119.42932084842033,117.36208693316243,68.1462882458444,67.69993688772307,22.3959565670073,22.414768083152822,28.925429238601225,29.30187598836674,0.06016666666666667,0.0399639660286351,0.025640018333005887,0.01763345169398414,0.04,0.046139903128794894
2000-10-01,62.100388873081855,61.37496619085313,41.17081858846262,40.638542243559826,12.30152834229494,11.638639202355803,118.64451188801223,116.938508958774,68.84114688880808,68.18572190898641,22.477643857934947,22.50040976011475,29.108039845810694,29.571353086206255,0.06016666666666667,0.038387943800951126,0.02522517832040405,0.01794379556980927,0.039,0.04656480956921104
2001-01-01,61.74338743812125,61.60568983623223,41.25156308959322,40.86584969281466,11.62503264622852,11.653879539815922,118.28258253717301,116.47982721639795,69.53000010509123,68.66111537316301,22.314950529758207,22.587768844758017,29.606686898486913,29.84021569119206,0.04816666666666666,0.036722336120132384,0.024492588958322736,0.018246612036587243,0.042333333333333334,0.04706702070126663
2001-04-01,61.9433987373101,61.82688139537167,41.15679778826512,41.085524961217864,11.530934035368539,11.664991526679277,116.81345511223378,115.99491177067802,69.99614610335455,69.12514852456766,22.517127939198694,22.676899669330766,30.083175792088483,30.106939238697887,0.0366,0.035009256373880124,0.02441500366225058,0.01854650609852752,0.044,0.04762672904039298
2001-07-01,61.49886227493584,62.04133448463301,41.02819973923271,41.29858889986069,11.286041234898896,11.6744252048835,114.98654110011203,115.49362223885034,70.40636933781897,69.57738568139868,22.539621437461683,22.767684630185233,30.540470026758516,30.36979813612649,0.0317,0.03329797065648719,0.018359868748643482,0.01885198649541565,0.04833333333333333,0.048221168547416454
2001-10-01,61.4723696324511,62.25195904856076,41.44487052926006,41.50613473027203,10.668341184523477,11.684556110980756,113.33975230921769,114.98616874805046,70.74053562332966,70.01794064520982,22.704494700859353,22.859903307843528,31.045652404857897,30.626996237400654,0.01906666666666667,0.03163873927701273,0.01305131655790559,0.01917522977801451,0.055,0.04882530647751315
2002-01-01,61.82377591347681,62.461363791968445,41.380478950928755,41.70911111047587,10.965623537338958,11.697521000625185,112.07112790705109,114.48227326051169,70.95478549661772,70.44746419201024,22.977632364747453,22.953187316326844,31.403890587576395,30.876792328296098,0.0172,0.030080823812855637,0.00762454473276275,0.01952810492349524,0.057,0.049414180188850375
2002-04-01,62.049665226428175,62.67169963558576,41.649398596164936,41.908450017555765,11.018134706192217,11.714801309635027,112.07077429098263,113.99046131029205,71.24037548229545,70.8670893302416,23.02923469751173,23.047063963928316,31.465968646847557,31.117663223953535,0.01713333333333333,0.02866562829603333,0.010361134456416732,0.019918653463266413,0.05833333333333333,0.049966686223046994
2002-07-01,62.110221333944516,62.88474338535243,41.8277511814476,42.104895564694495,10.931432656119016,11.737417047339866,111.3305944333981,113.51760313899858,71.4888243380038,71.27830556237005,23.123019990063135,23.14106815775407,31.81026205253505,31.348383726804958,0.016433333333333335,0.027426506243680156,0.015082559145447094,0.020347477203617403,0.05733333333333333,0.050466462259103846
2002-10-01,61.998636155812996,63.101902698757165,41.88545951050572,42.299043658679864,10.887764061888504,11.765951539055399,111.13086756746273,113.06925942987117,71.70390052494055,71.68288018737456,23.084149577349155,23.23471594597511,32.1779438677179,31.567928383139368,0.013333333333333332,0.026389603488578786,0.019399954883825954,0.020809204501458303,0.05866666666666667,0.05090237513046571
2003-01-01,61.87612427160255,63.32411445219801,41.90273197518124,42.49132708896832,10.854615889596854,11.800477212603415,109.7724496713817,112.64954310876227,71.61017514093011,72.08275932510466,23.234083146311693,23.32750422383568,32.31412920522827,31.775551989383345,0.011566666666666664,0.025574195130442942,0.02513945518673233,0.02129517313991287,0.05866666666666667,0.05126758346499878
2003-04-01,62.24053435023337,63.551628608171384,42.15178143186823,42.68192534823217,10.851666036840095,11.840501905262315,109.11122654398966,112.26130803877085,71.80757590281198,72.47994977255127,23.440283501501433,23.418826899388375,32.74320722690635,31.97089207211781,0.0104,0.024991396100139313,0.01861025239922043,0.021795840121093823,0.06133333333333333,0.05156009857277938
2003-07-01,63.06674059879457,63.783777146316666,42.643251427970185,42.87064816468429,11.146475279363328,11.88491367683151,108.91274516706663,111.90557949759351,71.97392808548115,72.87620537532217,23.760314324488593,23.508009882908517,33.10785115316609,32.153935349139225,0.009300000000000001,0.02464356662324471,0.020045946346524346,0.022304065123393127,0.06133333333333333,0.05178255619088481
2003-10-01,63.57563148285486,64.01904857540005,42.73638900525528,43.05696630748288,11.510087440612791,11.931938618604573,109.08893894774216,111.58140828744075,72.20075630073214,73.27289280393545,23.90054916753397,23.594383141791305,32.76286933553305,32.325170286589945,0.009166666666666667,0.024523947302773387,0.020297017530918726,0.022810716832876582,0.05833333333333333,0.05194370032811774
2004-01-01,63.91707529095912,64.25545513096462,43.14643957482598,43.2401985404168,11.547055466816023,11.979296604836065,109.49028545275546,111.2859942910268,72.73361256541037,73.67083542987639,23.910008566093307,23.67742607390572,32.77108174978431,32.48570751466022,0.009166666666666667,0.024616189012600053,0.020362598213850003,0.023305252611374443,0.057,0.05205824422899485
2004-04-01,64.23636581200202,64.49069940098764,43.20553148032791,43.419450483045495,11.998998658924162,12.024401067217207,109.27091940705662,111.01502040741065,73.08198799210746,74.07019230526902,24.020587550505322,23.75680395020715,33.1091295839884,32.63696938207455,0.010766666666666667,0.024894344326201877,0.026204811934768202,0.02377555875865324,0.05599999999999999,0.052144894658661074
2004-07-01,64.63600461114203,64.72223681591976,43.509818914362235,43.59375554183978,12.177171986191114,12.064350355784873,109.62196979094018,110.7631014016496,73.50211308815418,74.47053000209759,24.071347290186004,23.832325276072293,33.162354381892634,32.78059579214448,0.014866666666666665,0.02532280986558979,0.024495380628912544,0.02420768241548104,0.05433333333333334,0.05222544697961821
2004-10-01,65.08207615659845,64.94732669775942,43.892743856713615,43.76199895235912,12.417086412391063,12.096193636585356,109.84519673717752,110.52381743505643,73.9422786604059,74.87077720037225,24.154913534462665,23.903963417019526,33.234741482337135,32.9185595415856,0.020066666666666663,0.02585715245423749,0.028195148988468866,0.024589189005860983,0.05433333333333334,0.052324105995206385
2005-01-01,65.62399408469327,65.16313820466895,43.95601438346915,43.922999152059624,12.778417568631674,12.117033227345857,109.76354999661308,110.29009544337585,74.46652217346461,75.2692239536571,24.307638309444783,23.971843291743973,33.06603524662726,33.05311123170094,0.025366666666666666,0.026446403826119368,0.02625757775040949,0.024907823765179606,0.053,0.05246639393773683
2005-04-01,65.75698041567932,65.3668919336967,44.27580687429782,44.07564378566885,12.601546641645418,12.1241759284695,110.07875520981155,110.05449999194545,75.05786597499275,75.66353447338986,24.24432970151136,24.036250355876476,32.96502190619657,33.18673931176791,0.028633333333333334,0.02703597666159259,0.025832581120243114,0.0251535856538126,0.051000000000000004,0.05267908880660711
2005-07-01,66.05459295317485,65.55606960521409,44.57079551946461,44.21883141884554,12.721125243581163,12.11536581243657,110.05350149362482,109.80933092340881,75.54761629225152,76.0508161233612,24.302307719609313,24.09768459126069,33.02384028096451,33.321981593996384,0.0336,0.02757060880528964,0.03184020801323717,0.025317317228376393,0.049666666666666665,0.05298930210500369
2005-10-01,66.20341659392527,65.72837842136721,44.49580069522322,44.3515788021101,13.143407920615486,12.088702691899178,110.34501088921988,109.54697374218688,76.04222056341699,76.42773665898483,24.259745756711354,24.156782754769484,33.08381118982052,33.461277324886325,0.038266666666666664,0.027996036449762854,0.03124230954027163,0.02539028541765391,0.049666666666666665,0.05342309590560881
2006-01-01,66.92971360522942,65.88182682993447,44.78737172397187,44.47311941360388,13.33627386872677,12.042744122435938,111.16170317415322,109.2600453811057,76.69471610573605,76.79058544590728,24.335734653126682,24.21431685379927,33.197547950822,33.60691839099467,0.04393333333333334,0.02826176415706127,0.030607370469188933,0.025367833957168635,0.04733333333333333,0.054004455633955825
2006-04-01,66.8975346005193,66.01471833516938,44.88387533598522,44.5827780347654,13.177975129067939,11.976785115672758,111.18234947847722,108.94174950403635,77.33893983492952,77.13534777505922,24.249998286454666,24.271131351790185,33.159783529695595,33.760999125469716,0.04703333333333333,0.028323715633119473,0.0331245441178174,0.02524896409752069,0.04633333333333333,0.05475501894730375
2006-07-01,66.78349380210773,66.12601434917016,45.03742662956903,44.680079577168904,13.045571824787576,11.89099580674039,111.36733014988837,108.58656592786485,77.89987269172077,77.45789172039102,24.12142571718908,24.32815492571344,33.299169316921784,33.925396266039705,0.04906666666666666,0.02814760931460724,0.02943736827636756,0.025035951799630196,0.04633333333333334,0.05569225405147366
2006-10-01,67.13333308460705,66.21524051388045,45.07909336582955,44.76474397444549,12.793059193775036,11.786352872429505,111.33675412681244,108.19046072036633,78.41022879117689,77.75416608337419,24.196746319481946,24.38631176032368,33.620795683851966,34.10164627716629,0.04903333333333333,0.02771085714925698,0.01962522301389802,0.024735995261929968,0.044333333333333336,0.05682836559877794
2007-01-01,67.0547882211777,66.2823522230744,45.15148032361569,44.836723504670495,12.567397510233098,11.664580545022794,110.91329920661614,107.75121032511775,78.76752050652384,78.02036416812342,24.18985157826723,24.44640456606917,33.63827983687078,34.29092659478298,0.049833333333333334,0.027003945495646144,0.023627566247625964,0.02435904356815078,0.045,0.05816970891608016
2007-04-01,67.29565819848473,66.32789807144643,45.22508355731002,44.89617775730887,12.61245316028192,11.528021090232922,111.09372539859461,107.26860619690822,79.15974708592614,78.25307487510588,24.20898526907521,24.509124692220215,33.88485157459629,34.49414476925271,0.047366666666666675,0.026030687259967242,0.02334364353595131,0.023911851569368387,0.045,0.05971482993507793
2007-07-01,67.48904515373017,66.35293028942888,45.40498491742014,44.943474615359676,12.446582454845666,11.379523001521521,110.40591214965347,106.74443451197612,79.5209376592402,78.4493581921034,24.337951535194215,24.575009103739006,34.13242005392481,34.71182435969949,0.04303333333333334,0.02480916371581134,0.02177492934552827,0.02340071694333321,0.04666666666666667,0.06145404351939633
2007-10-01,67.68880019808604,66.35912324880915,45.710528901782695,44.979199020798255,12.155692206680683,11.222487410706746,109.69803186226619,106.18283255533528,79.82933822878634,78.60686220639144,24.479072742942382,24.644411629555638,34.24001730525244,34.944124800367355,0.0339,0.023370791123898685,0.03386978133428431,0.02283158223777479,0.048,0.06336846776395104
2008-01-01,67.45032841817074,66.34887302151175,45.884565143171436,45.004234523652734,11.75820403251892,11.060796735402867,109.46127218008019,105.59013099036467,80.349770017455,78.72394142397876,24.37162017261273,24.71754148207257,34.78385162818392,35.19085111238204,0.020433333333333335,0.021758375850960476,0.03284518366355216,0.022209373883174052,0.05,0.0654299786531248
2008-04-01,67.66091648213342,66.32541010360904,46.105879593835,45.01992858505838,11.563463176739917,10.898683365148317,108.53499142150311,104.97469990112583,80.50065349477713,78.79976292577597,24.566993142376184,24.794507327485867,35.106007777120176,35.45136222813718,0.016266666666666665,0.0200213050192755,0.03411268685320046,0.021545917184447243,0.05333333333333333,0.06760084687894793
2008-07-01,67.1034674873696,66.29265194119957,45.75537996040216,45.0281821749178,11.251809656647485,10.740554906144238,107.02592522106589,104.3470927419026,80.5648990801745,78.83456266551408,24.580478891677032,24.875201424937043,35.168032345403006,35.724746917493455,0.014933333333333331,0.018208137599549017,0.03927867495725845,0.020859684827623348,0.06,0.06983369939679254
2008-10-01,65.43829276845769,66.25533901944976,44.37870620654701,45.03157289626606,10.338435587357123,10.590958241685199,104.051447303917,103.71978903928324,80.54501960183322,78.82969378817582,24.415825479165424,24.9593721053326,36.09507154586155,36.00985185094037,0.002966666666666667,0.016365085913515924,0.012386137012881937,0.02017700372977433,0.06866666666666667,0.07207224596606471
2009-01-01,64.65187544275695,66.21870622449231,43.972039809747194,45.03313232547408,9.02685435153018,10.45449496473436,101.36484990509584,103.10660731880768,80.51325622563964,78.78763952286324,24.539460903496995,25.046578790505368,37.25367182507775,36.305134549084094,0.0021333333333333334,0.014536315530244742,-0.0025662959794695572,0.019535712676803166,0.08266666666666668,0.07425405028404751
2009-04-01,64.39228114235807,66.18746389711585,43.90433767486706,45.03548206721723,8.344531356759296,10.335392867911292,98.84333562566154,102.52124640123559,79.9985102830725,78.71199183445083,24.90024472114896,25.136029620151916,37.67699300175593,36.60905781739238,0.0017333333333333335,0.012757618006774715,-0.00824949698189148,0.01896878116291479,0.09299999999999999,0.07631454756096193
2009-07-01,64.45221827206592,66.16532411623876,44.336770485542175,45.04057313882428,8.214015863765411,10.236796287404454,97.63376361872518,101.97601816525113,79.30245890754789,78.60743967480731,25.20065306317124,25.226599300858457,37.66962346683062,36.920628223626956,0.0015666666666666665,0.011057033036272024,-0.01196588361030193,0.018495364926903964,0.09633333333333333,0.0781944308922681
2009-10-01,64.96243893127475,66.15485998703805,44.36133643070187,45.04964156149125,8.862117160007676,10.160456084232125,97.16445479019514,101.48068304628326,78.59449622611393,78.47947827332871,25.55992221656452,25.316997232061677,37.640863960481084,37.239487031214665,0.0005666666666666667,0.009455710133981951,0.011819324062440018,0.018117608283724954,0.09933333333333333,0.0798448217812006
2010-01-01,65.21669550235336,66.15756367323924,44.62071160513299,45.06348164317779,9.002751601228914,10.106798153031884,97.05383455689038,101.04211487349542,78.20133850207394,78.33402324723565,25.724079620737932,25.40589794530029,37.50114004459582,37.56573368403615,0.0010666666666666667,0.007968867336168767,0.022630789022298536,0.017818617267996287,0.09833333333333334,0.08122817854501968
2010-04-01,65.70641659866159,66.17418259902176,44.77516598548126,45.082456198503785,9.425086809971077,10.075515952949011,97.76379938248462,100.66440855357529,77.77371360107938,78.1770334147143,25.844302699056303,25.492109799998126,37.62513819396091,37.89972405936398,0.0014666666666666667,0.006606167026929677,0.020159955579758915,0.017577561486698187,0.09633333333333333,0.08231913982070574
2010-07-01,66.04816043067258,66.204880723462,44.932215095354316,45.10665195488246,9.755662002964483,10.065723085014387,98.07264529309452,100.34916527629738,77.43779136880995,78.01434512907814,25.96482129365653,25.574624875559223,37.786826281456925,38.24178457262172,0.0015666666666666665,0.005372957714943441,0.01513319759056575,0.017376618154157322,0.09466666666666666,0.08310303496698188
2010-10-01,66.2224826147722,66.24953748585612,45.117210471007716,45.135964664572164,9.682571918011451,10.076256086298164,98.162413510909,100.09624202038465,77.19316064465633,77.85149748869853,26.046702335084394,25.65264397286059,37.951566264655,38.5920769779448,0.0013666666666666669,0.004271375721163658,0.013807038221922863,0.017199578481008528,0.095,0.08357395221351657
2011-01-01,66.02415410935286,66.30794261756145,45.40914156326915,45.17018216608915,9.487496749320536,10.105877045450551,98.24388250741359,99.90417409317864,77.08979848594736,77.69362376543026,25.966870748148715,25.72560421250991,38.210841741307554,38.95047637729041,0.0012666666666666668,0.003301178434638759,0.018387478902621712,0.01702883154003439,0.09033333333333333,0.08373320705979061
2011-04-01,66.34248360360476,66.37987672305631,45.513284827318614,45.2090815303402,9.796670063201438,10.153193483712474,98.95948515878715,99.77040021618203,76.83693314084367,77.54540456879661,25.999150948337903,25.793185362877388,38.707903876443204,39.316440472268695,0.00046666666666666666,0.002460307801258112,0.026805807052617148,0.01684464606635555,0.09066666666666666,0.08358925628515128
2011-07-01,66.16332873405315,66.4649495152657,45.475653502348045,45.252589755558056,9.821699874672037,10.216479261661618,99.09560629091683,99.6914315112365,76.64111437000119,77.41110971631952,25.928931999517143,25.85521840687491,39.96110303143837,39.6889291349335,0.00023333333333333333,0.0017454341970561012,0.029574919298392288,0.01662813994969429,0.09,0.08315468174786689
2011-10-01,66.74942259347644,66.56275301824083,45.54316148096034,45.300824814256735,10.550692989154353,10.293811184411213,99.60322463216514,99.66337509607949,76.45697815557217,77.29454180561825,26.0938453378699,25.91166545312649,40.49728174632191,40.06646998046963,0.00013333333333333334,0.0011519819723579822,0.02639719315728284,0.016366656805389276,0.08633333333333333,0.0824464886876941
2012-01-01,66.73918257107049,66.67269452277071,45.51763030638181,45.35404596858887,10.664721702525727,10.383007978729186,99.55510437323429,99.68205086073611,76.0058833542964,77.1990083184164,26.152146390840013,25.96253845248374,40.63289080329069,40.44770512884381,0.0006666666666666666,0.0006744304144491908,0.02459210458592831,0.016055631985872128,0.08266666666666668,0.08148596066829716
2012-04-01,66.8966943998745,66.79430083336825,45.42456321315439,45.412666650672755,10.883939246821383,10.482011283579169,99.56961798256398,99.74330775915602,76.06448178506434,77.12729024297067,26.204315401507706,26.007967243618417,41.01783849571924,40.83149622800048,0.0008666666666666667,0.00030662215521577024,0.017074413863404914,0.01569676992879438,0.08199999999999999,0.08029681053124385
2012-07-01,66.84933401595637,66.92714287804463,45.30232204282288,45.47720650853279,10.831040225946106,10.588883379937647,99.72350789431708,99.84296327639159,76.15631644015377,77.08142792799455,26.148445718083494,26.048204761557933,41.47328879913807,41.2167784227116,0.0010333333333333334,4.239497420139779e-05,0.015331696328916067,0.015297110367182601,0.08033333333333333,0.0789034890593508
2012-10-01,66.75741525752252,67.07085772519645,45.39439400591222,45.54819766922252,10.725989452406724,10.701870472759468,100.0,99.97675678504716,76.22933445732392,77.0628130378049,26.056797835151833,26.08363151771613,42.09792230237126,41.60256491262997,0.0008666666666666667,-0.0001240633212305903,0.01766805894072543,0.01486455406152249,0.078,0.07733151152885263
2013-01-01,67.15493428477893,67.22503532838626,45.49511610847711,45.6260681570683,11.058121698847254,10.819301189748307,100.13482475181263,100.14036749839362,76.25707250716061,77.0722821292621,26.185677579447567,26.11469573282227,42.4187934511154,41.987995518757955,0.0008666666666666667,-0.00019794558724240354,0.014618120441256321,0.014407023388525826,0.07733333333333334,0.07560728686865519
2013-04-01,67.1022788534274,67.38906900003037,45.36948441143836,45.711155080243635,11.151637792370863,10.939446561173677,100.31209728346424,100.32948959535567,76.40611646040574,77.1101781877164,26.117226087173414,26.141833390139396,42.72561166755284,42.37249331094399,0.0005,-0.00018382547375381567,0.01288900025056372,0.013934192915453879,0.07533333333333334,0.07375764181295875
2013-07-01,67.46911767437531,67.56230593599085,45.39889344722873,45.80371884571615,11.490150802812249,11.060650287448796,100.65124013772765,100.53980215890809,76.55413845695547,77.17636315411515,26.184714049299743,26.1655286521731,43.03800380739675,42.75573542219441,0.0003333333333333333,-8.561124802590731e-05,0.01405086693649138,0.013455869145225879,0.07233333333333333,0.07181048187500402
2013-10-01,67.78266414701626,67.74390931143098,45.56932950778526,45.90380999041304,11.51481055939052,11.181315600178873,100.74930508154274,100.76695149262612,76.78017064130763,77.27028664340884,26.262640906067233,26.186253566356935,43.458607031055905,43.137613941291086,0.0006333333333333334,9.321621360133704e-05,0.012620992586409141,0.012981205335345507,0.06933333333333333,0.06979469737523197
2014-01-01,67.40289278028978,67.93297732317002,45.67669462684535,46.011227516697694,11.398293413115463,11.300045467319128,101.02258310821497,101.00662353356718,77.03047212934004,77.39103405043232,26.039875904605974,26.204494837961292,43.82334989458327,43.518199138673445,0.00046666666666666666,0.00034943787515128247,0.01383318975333947,0.01251972661693597,0.06666666666666667,0.06773950541624503
2014-04-01,68.1195452427133,68.12862444178911,45.97040442523217,46.12556085335707,11.821261169714072,11.41559622572334,101.52175697340769,101.25445707331465,77.23809451685496,77.53740472244198,26.207858838720107,26.22078909197277,44.16279699404668,43.89777017306052,0.0003333333333333333,0.0006801722738471264,0.01818703555278489,0.012080732988152394,0.062,0.06567383474811941
2014-07-01,68.74425238443366,68.32962183189208,46.23816879526986,46.24618719738954,12.040144309426564,11.526741758544164,101.97001940623336,101.50606025746211,77.52304134325905,77.70798753757391,26.338604517606466,26.23557149173728,44.442011356002105,44.27681206081815,0.0002666666666666667,0.0010826112149067632,0.01694080081993854,0.011674345361610158,0.06066666666666667,0.06362594359671286
2014-10-01,68.88360914376246,68.5347213320841,46.5093408472725,46.37238183081802,12.113502307996695,11.63247143500319,102.89281472086067,101.75716572755931,77.85248669546041,77.901193079232,26.198988044736293,26.24927041673557,44.82212288776955,44.65599687439086,0.00023333333333333333,0.001553729729210266,0.011531365313653064,0.011314501089027543,0.057,0.0616217940411656
2015-01-01,69.14986372023895,68.74292014248476,46.44456406537467,46.503408789971466,12.472370901022058,11.732069639842376,102.58824847316596,102.00375462734218,78.04916525326938,78.11531905753243,26.327720698082157,26.262379657998864,45.46701686107574,45.036126266785075,0.0002666666666666667,0.0020899928822950575,0.0025101088039380937,0.011018429056784289,0.05533333333333334,0.05968549861253655
2015-04-01,69.39516946841867,68.95342225834891,46.62796943837582,46.638610965708715,12.380356347380445,11.825110663739803,102.82835357534753,102.24247891752667,78.48500018508793,78.34862995027012,26.329633270449843,26.275362579294796,45.63547742661214,45.41813569480512,0.0002,0.0026870404919511386,0.0023518207174024752,0.010803493691400528,0.05433333333333334,0.05783828122060895
2015-07-01,69.44283623644164,69.16567708857549,46.838083440625574,46.77728741163082,12.334390161170957,11.91162701425326,102.93530565200693,102.47032697004495,78.85914949121847,78.59934101848398,26.286130604103686,26.288724304760144,45.93926578155508,45.80326543572925,0.0004,0.0033393727970837425,0.0019381723035178933,0.010681741719238358,0.051000000000000004,0.05609864567186652
2015-10-01,69.36729518746321,69.37940413724502,46.91142913361152,46.918722661011564,12.131648918048814,11.992011900791407,103.18338770669489,102.68463051923499,79.20794527057397,78.86574080972574,26.176020100255535,26.303004917263465,46.4500054141826,46.192935588369004,0.0012333333333333335,0.0040399356362906345,0.002105344859368863,0.010659937571051135,0.050333333333333334,0.0544829051803634
2016-01-01,69.54402402985167,69.59449334676167,47.161116601638575,47.06223105830118,11.981324829233484,12.066946203074775,103.18626275757943,102.88299552586753,79.43263956980363,79.14626595277751,26.216228857230426,26.31874411812989,47.33733716245795,46.58870032817255,0.0028666666666666667,0.004779837740171399,0.0068197539043091115,0.010739380946707379,0.048999999999999995,0.05300418630660883
2016-04-01,69.5893473384261,69.81082563686354,47.251436265894164,47.207114062815535,11.884637176933033,12.137226983099657,103.34155128767404,103.0633290330495,79.68828754284951,79.43955190858175,26.178227089617113,26.336403431395926,47.72980744119174,46.9923291834846,0.0025666666666666667,0.005548433712886275,0.008250841081626215,0.010916024925630825,0.04933333333333333,0.051673022128707696
2016-07-01,69.82162764954495,70.0282486521295,47.44801162171045,47.352726641113904,11.846999524857683,12.203624069986647,103.3782963691492,103.22372280445833,79.88765473594498,79.74439852228079,26.236582690164656,26.356381684395725,48.230101338690055,47.40612436420173,0.0029666666666666665,0.0063338824266745575,0.009594738369281375,0.011183372820343705,0.048999999999999995,0.05049744310832327
2016-10-01,69.9808988583711,70.24646858673108,47.52539112412464,47.49844361665115,12.106776326424685,12.266768991377438,103.2262855610924,103.36244240529643,80.06992567370635,80.05974708267469,26.300608557406694,26.378980132387348,48.566791324863445,47.8329341645001,0.0043,0.007122479149371652,0.015374486871659876,0.011533262203465752,0.04766666666666666,0.04948401740162172
2017-01-01,70.3612306124792,70.46505779580023,47.9508508510327,47.64369195428767,12.039490050623709,12.327082162669429,103.76644744575752,103.47785436058683,80.61645968500244,80.38461484508119,26.291319482384456,26.404426589092548,49.06116270136095,48.27622997348482,0.0059,0.007898414638962962,0.020843211441510245,0.01195653775108478,0.04566666666666666,0.04863837726282648
2017-04-01,70.57034995967885,70.68341595768034,48.0131529963301,47.787908594230714,12.257445798535445,12.384893841794568,104.39883229152787,103.56824807182309,80.87126137484817,80.71801135631952,26.23653049396511,26.432901441830726,49.44449864319942,48.740078496651186,0.0089,0.008644115603965528,0.016982075544272446,0.012446444904706222,0.04366666666666667,0.047965019101951625
2017-07-01,70.99079709853895,70.90086999124482,48.12213446212567,47.9307163168975,12.429287399249063,12.440359414207798,104.27705404648025,103.63210501451766,81.15217394806972,81.05907687618928,26.380837731234053,26.46451581854097,49.62426566651538,49.22920554332631,0.010366666666666668,0.009340759743747038,0.016861144641796333,0.013001783276892033,0.04333333333333333,0.04746658200988864
2017-10-01,71.54121901618903,71.11666749101559,48.51245311128985,48.07187493037215,12.543071946233637,12.493558339328201,104.76108773774837,103.66844030137034,81.46715766355689,81.40703442863334,26.469559516556927,26.499258927121886,49.66510529114421,49.748985142064434,0.012066666666666668,0.009969684685422699,0.01851710591555733,0.013624187249353891,0.04166666666666667,0.04714301860725691
2018-01-01,71.7574509078974,71.3301036569607,48.69402302766004,48.211261845744524,12.642688662550993,12.544566297561861,104.94049756175406,103.67669118656192,81.66929013980436,81.76115280771687,26.497059262139178,26.537068449655752,49.53880141208499,50.3052902227735,0.015599999999999998,0.010512869247934542,0.01982046882849753,0.01431770330465654,0.04033333333333333,0.04699169823425302
2018-04-01,72.1122247531969,71.54073180083411,48.79360676773752,48.3490291219623,12.685700557184571,12.593493021547216,105.35460276531042,103.65699654441387,82.04182691463204,82.12072618141917,26.517710342421875,26.577864097520067,49.47348898155557,50.904234114809675,0.0184,0.010953602863962868,0.022768963104446094,0.015089435999531102,0.03933333333333334,0.04700656751111064
2018-07-01,72.4607813244499,71.74836841670984,48.9981786403594,48.48563285526648,12.970529728142436,12.640513025560942,105.34420139338579,103.61030241079872,82.3835737609301,82.48497836291995,26.608853061319298,26.62154093413207,49.66674327994843,51.55177049305315,0.020399999999999995,0.011278354422908018,0.02270543234534883,0.015949929119161092,0.03766666666666667,0.047177411580000356
2018-10-01,72.41429749061346,71.95318637238158,49.05332052769863,48.62181272006638,12.919362529624486,12.685862570868212,105.32861771196009,103.53862593660959,82.77653336770483,82.85306948847244,26.550084941243195,26.667956441449554,49.656317676919635,52.2532812153375,0.02316666666666667,0.011478246812380358,0.020062161807935075,0.016914526153170593,0.03833333333333334,0.04748921981173161
2019-01-01,72.89520212163157,72.1558067566367,49.072662153452555,48.75863729536264,13.108872289873847,12.72998740635114,105.44628791503186,103.44507085273673,83.44969194692518,83.22408049112147,26.63141358544542,26.716959929283522,50.20138207325085,53.01327278990002,0.023866666666666668,0.011550103948475936,0.014871547012678121,0.018002792780700057,0.03866666666666667,0.047921037361543024
2019-04-01,73.25131934195194,72.35714706827407,49.32359041013825,48.897457258124,13.154226710646249,12.7734857924296,105.22308361387319,103.33385208684702,83.89332046551247,83.59702729040798,26.748718225327366,26.768326173401647,50.4221224162677,53.83486898823435,0.023000000000000003,0.01149805500969973,0.01563337832590661,0.01923626195317414,0.036000000000000004,0.048446186955624165
2019-07-01,73.7416139813004,72.55859770109186,49.59820231952936,49.03983551720233,13.183343630525176,12.817199449563082,105.48268588451886,103.21041331420443,84.30306994474863,83.97105001543409,26.838853557364455,26.8217750216139,51.0957541406571,54.71958981324278,0.019799999999999998,0.011333927026255582,0.014665782297884844,0.020634509593412505,0.036333333333333336,0.04903220733848033
2019-10-01,73.90184242314898,72.76212319818998,49.771844634665584,49.18762030820078,12.870381902450259,12.86221783062677,105.35692854974883,103.08134557640025,84.70135952282038,84.34545979387404,26.87366454597863,26.877012207439783,51.87823497949672,55.6668301215161,0.01576666666666667,0.011076735743966264,0.014518956323822385,0.022214859821967754,0.036000000000000004,0.04963885838776952
2020-01-01,73.14257993084378,72.97044780038243,49.038396684254764,49.34303233660578,12.692636696492272,12.909873154758019,104.16154708425785,102.95461045060922,85.3258483570359,84.71976443153923,26.726772120166117,26.93375206213759,53.032763028025535,56.673546987946786,0.0111,0.010750788204263145,0.016100670403341066,0.02399090630483279,0.038000000000000006,0.05021796318489656
2020-04-01,66.82861541724674,73.18703831006086,44.411556755503874,49.508688027780856,10.759095035198223,12.9615234846168,90.46522601520718,102.8395342847367,85.6207818194085,85.09368708248866,26.730737131930947,26.991704606223973,60.08656723982059,57.733936177329156,0.0014333333333333333,0.01038332265540428,0.005352412681941088,0.025971432768314182,0.12966666666666668,0.05071282052477388
2020-07-01,71.9370123090963,73.41551242241533,48.453301326464675,49.68705103340814,12.605319749345409,13.01841303165643,97.53762704909187,102.74615275584945,85.39422287771389,85.46732704209818,27.42551423768352,27.05044705993341,61.97284354241209,58.83928893512242,0.0011333333333333334,0.010001795603020064,0.011094567112144071,0.028160291541280053,0.08833333333333333,0.051059092975323364
2020-10-01,72.4848388049734,73.65535274169203,48.711393200328956,49.87724059199011,13.122742132643838,13.080289864279461,99.50744981010924,102.676247825459,85.63186559009533,85.84111692878375,27.251030074886327,27.10938839423593,63.263317714574285,59.98167416927135,0.0009333333333333333,0.00962806980941459,0.011561111965479487,0.030548448065044524,0.06766666666666667,0.05124178925830552
2021-01-01,73.64672762913165,73.90509947221456,49.94137187318923,50.07758242798102,12.879563870929815,13.146637028222656,101.05264195983983,102.62827476425785,86.21441183796273,86.21545104204682,27.346943171088363,27.16816624375835,64.73566892024219,61.15446901449257,0.0005,0.009278465247973405,0.01904530131775828,0.033116201703153526,0.062,0.05126921449570468
2021-04-01,74.8198588149188,74.16253354509188,51.33729303270297,50.2856369981706,12.801903769531812,13.216957501860447,102.19579969541444,102.59869615577651,86.56873236705037,86.59059860397589,27.54059438117985,27.226503779994513,65.998920539085,62.35255470438241,0.0002666666666666667,0.008963867681784511,0.03977545384580572,0.03583198473409076,0.059,0.05115993935788536
2021-07-01,75.19652576672183,74.42524377804435,51.5583431175924,50.4988409367339,13.120432601694732,13.290575757470434,103.57853358688152,102.5829979221286,86.85702196094574,86.96683292752255,27.406588615966523,27.28423367500546,66.48531528608981,63.57262947402966,0.00046666666666666666,0.008689676333155923,0.04531903812653759,0.03865543512359904,0.051000000000000004,0.050939241256152276
2021-10-01,76.3523726593466,74.69119736344999,51.79598307183833,50.71524436495563,14.108204598027381,13.366536260545058,104.054745276697,102.5764235364261,87.21179240231616,87.34441830345618,27.705453248694354,27.341383252383064,66.87831292160452,64.81340374899823,0.0005333333333333334,0.008455854673761214,0.056805072392484446,0.04154865550561603,0.042333333333333334,0.05063729763971146
2022-01-01,75.66379256173734,74.9588154784721,51.60809414947633,50.93352501212143,14.285398584759644,13.443753975777105,104.89843816579128,102.5748403482723,87.50464878695875,87.7235543142052,27.27982768460734,27.39805675731231,66.36325973926792,66.07531413270125,0.003066666666666667,0.008257226794232395,0.06424963956872065,0.044477913265956216,0.038000000000000006,0.05028432393198387
2022-04-01,75.4491383201278,75.22753076859196,51.581453009380766,51.15301180869012,13.775683723195481,13.521575116414512,105.45871292224966,102.575034599225,88.14313874680275,88.10436027225612,27.03951994764966,27.45458633697906,64.75311373818991,67.36013200766469,0.010766666666666667,0.008083665209363716,0.0663630505581776,0.04741901105098839,0.036000000000000004,0.049905345578699
