country_code,country,gdp,labor,human_capital,physical_capital
AGO,Angola,223289.3125,16.644962310791016,1.4819843769073486,0.01741531677544117
ARG,Argentina,978558.8125,20.64321517944336,3.09680438041687,0.03131192550063133
ARM,Armenia,43795.6875,0.966090977191925,3.1359946727752686,0.0011580209247767925
AUS,Australia,1355143.25,12.863174438476562,3.549666166305542,0.08060186356306076
AUT,Austria,478329.34375,4.550281047821045,3.3810462951660156,0.03633153811097145
BDI,Burundi,9166.3232421875,5.0035881996154785,1.4165260791778564,0.00028400408336892724
BEL,Belgium,523688.59375,4.921936511993408,3.149034023284912,0.04266025498509407
BEN,Benin,38397.953125,4.300300598144531,1.918609619140625,0.0009909173240885139
BFA,Burkina Faso,43177.33984375,6.958755970001221,1.2862424850463867,0.0014950076583772898
BGR,Bulgaria,150325.4375,3.4204185009002686,3.1860151290893555,0.005260708276182413
BHR,Bahrain,77180.3359375,0.7436636090278625,2.2295069694519043,0.004559279419481754
BOL,Bolivia (Plurinational State of),98644.46875,5.543825626373291,2.966043710708618,0.003268348751589656
BRA,Brazil,3079724.5,93.95682525634766,3.0913732051849365,0.16553790867328644
BRB,Barbados,3577.5810546875,0.13225862383842468,2.8460724353790283,0.0003553864371497184
BWA,Botswana,38095.609375,0.9215958118438721,2.9388160705566406,0.0017457621870562434
CAF,Central African Republic,4653.58056640625,1.8443279266357422,1.5616270303726196,0.0003596205497160554
CAN,Canada,1862070.0,19.298662185668945,3.7210659980773926,0.10473179072141647
CHE,Switzerland,644661.75,5.011204719543457,3.7026784420013428,0.05101172998547554
CHL,Chile,441291.09375,8.100071907043457,3.145768880844116,0.015935378149151802
CHN,China,20118076.0,798.8077392578125,2.6989870071411133,1.1670750379562378
CIV,CÃ´te d'Ivoire,129436.7890625,7.510223865509033,1.6955418586730957,0.002628915011882782
CMR,Cameroon,94377.6953125,10.365276336669922,1.895813226699829,0.002896757796406746
COL,Colombia,706174.3125,21.199607849121094,2.5987870693206787,0.025199854746460915
CRI,Costa Rica,93967.2421875,2.2563555240631104,2.6947717666625977,0.0027099617291241884
CYP,Cyprus,28377.013671875,0.3665671646595001,2.9043920040130615,0.0021589077077805996
CZE,Czech Republic,401744.25,5.4814324378967285,3.674304246902466,0.029073728248476982
DEU,Germany,4274167.5,44.795196533203125,3.67537784576416,0.25709450244903564
DNK,Denmark,312004.0625,2.971836566925049,3.5992648601531982,0.02103998325765133
DOM,Dominican Republic,192885.859375,5.126679420471191,2.7671539783477783,0.007608379703015089
ECU,Ecuador,194288.453125,8.246670722961426,2.762469530105591,0.013353598304092884
EGY,Egypt,1212398.375,26.794647216796875,2.676786422729492,0.02096388302743435
ESP,Spain,1889426.625,19.872013092041016,2.985405206680298,0.12277364730834961
EST,Estonia,45079.3515625,0.6729755401611328,3.6594910621643066,0.0026374913286417723
FIN,Finland,249282.984375,2.6737053394317627,3.5044519901275635,0.015575871802866459
FJI,Fiji,12362.8251953125,0.30824753642082214,2.7015976905822754,0.0003738620725926012
FRA,France,2950146.25,28.532564163208008,3.230137348175049,0.2157776653766632
GAB,Gabon,33140.015625,0.6580106616020203,2.8762669563293457,0.0019805263727903366
GBR,United Kingdom,2994405.75,32.98249816894531,3.7735960483551025,0.17838673293590546
GRC,Greece,286884.53125,4.235072612762451,3.13531756401062,0.024298014119267464
GTM,Guatemala,137257.53125,7.0933732986450195,1.9543628692626953,0.004145120270550251
HKG,"China, Hong Kong SAR",408095.8125,3.8638103008270264,3.267883777618408,0.026516593992710114
HND,Honduras,53133.1328125,3.833400011062622,2.4374547004699707,0.002703962614759803
HRV,Croatia,108094.8203125,1.8176243305206299,3.6189019680023193,0.006460675969719887
HUN,Hungary,284589.5,4.71157693862915,3.4171385765075684,0.016585171222686768
IDN,Indonesia,3120405.75,131.17068481445312,2.2881650924682617,0.18255896866321564
IND,India,9142121.0,497.61572265625,2.1711645126342773,0.4165402948856354
IRL,Ireland,496383.5,2.2604477405548096,3.185516834259033,0.03480515629053116
IRN,Iran (Islamic Republic of),1087768.0,24.594810485839844,2.517744302749634,0.040914036333560944
IRQ,Iraq,458890.15625,8.772139549255371,2.2889058589935303,0.02533019334077835
ISL,Iceland,18182.48046875,0.19233807921409607,3.2822329998016357,0.001086335745640099
ISR,Israel,329783.3125,4.228710174560547,3.891540050506592,0.015277858823537827
ITA,Italy,2462820.0,25.596328735351562,3.1583850383758545,0.2031402438879013
JAM,Jamaica,25149.857421875,1.2448999881744385,2.599545955657959,0.0014689222443848848
JOR,Jordan,109624.8125,2.459289789199829,2.9021859169006348,0.0032186470925807953
JPN,Japan,5031850.0,69.97669219970703,3.593987226486206,0.3505493700504303
KAZ,Kazakhstan,520080.21875,8.82071304321289,3.110008716583252,0.021094443276524544
KEN,Kenya,223246.234375,25.07402229309082,2.346707344055176,0.00606851140037179
KGZ,Kyrgyzstan,39531.11328125,2.670628070831299,3.5498313903808594,0.0011272620176896453
KOR,Republic of Korea,2156917.25,26.798534393310547,3.765122890472412,0.1455286145210266
KWT,Kuwait,253742.59375,2.372540235519409,2.2724850177764893,0.01650894619524479
LAO,Lao People's DR,54361.5,3.6188180446624756,1.9430067539215088,0.002580651082098484
LKA,Sri Lanka,283475.25,8.180496215820312,2.8580374717712402,0.008552293293178082
LSO,Lesotho,5820.875,0.6667981743812561,1.6994621753692627,0.0003234173927921802
LTU,Lithuania,90408.3046875,1.3795286417007446,3.296741008758545,0.004217780660837889
LUX,Luxembourg,56199.69140625,0.460662841796875,3.619642972946167,0.0031796477269381285
LVA,Latvia,56482.9375,0.8965887427330017,3.1564202308654785,0.00407402403652668
MAC,"China, Macao SAR",60140.26171875,0.387800008058548,2.9624180793762207,0.0021793029736727476
MAR,Morocco,289744.21875,11.522297859191895,1.9357943534851074,0.017817141488194466
MDA,Republic of Moldova,38440.0078125,1.4288779497146606,3.5806031227111816,0.0014519667020067573
MEX,Mexico,2391290.0,54.993595123291016,2.777052879333496,0.11616691201925278
MLT,Malta,17330.59765625,0.22019051015377045,3.163501024246216,0.0007462869980372488
MNG,Mongolia,38103.8984375,1.3765348196029663,3.0554988384246826,0.00422661192715168
MOZ,Mozambique,37394.9140625,11.01795768737793,1.2284468412399292,0.0018325871787965298
MRT,Mauritania,21248.322265625,1.1290662288665771,1.82578706741333,0.0015109556261450052
MUS,Mauritius,30030.896484375,0.5828114748001099,2.6323022842407227,0.0004995425115339458
MYS,Malaysia,818144.5625,15.11832332611084,3.078611373901367,0.04355418682098389
NAM,Namibia,23621.189453125,0.7423070073127747,2.2514283657073975,0.0009751684847287834
NER,Niger,28234.169921875,8.86972713470459,1.2249869108200073,0.001554722199216485
NGA,Nigeria,995048.3125,73.02055358886719,1.9742451906204224,0.033792369067668915
NIC,Nicaragua,33074.5,2.66245698928833,2.286348819732666,0.0015840795822441578
NLD,Netherlands,950203.4375,9.456908226013184,3.396878480911255,0.05953910946846008
NOR,Norway,388492.46875,2.8536617755889893,3.6628432273864746,0.023207921534776688
NZL,New Zealand,199241.375,2.5060808658599854,3.407055139541626,0.008535157889127731
PAN,Panama,127016.1328125,1.9198999404907227,2.8882462978363037,0.005402492359280586
PER,Peru,397799.15625,16.890403747558594,2.8385300636291504,0.01793566532433033
PHL,Philippines,913573.5625,42.424800872802734,2.7148802280426025,0.02899503894150257
POL,Poland,1214853.0,16.159107208251953,3.4577584266662598,0.03687019273638725
PRT,Portugal,327037.71875,4.961589336395264,2.5127508640289307,0.027246417477726936
PRY,Paraguay,86919.078125,3.3582797050476074,2.6566121578216553,0.0029089623130857944
QAT,Qatar,312499.09375,2.083951234817505,3.2594563961029053,0.029570508748292923
ROU,Romania,541634.25,8.680299758911133,3.273047924041748,0.020978590473532677
RUS,Russian Federation,4133948.5,71.67063903808594,3.434407949447632,0.26478856801986694
RWA,Rwanda,28869.240234375,5.274786949157715,1.9190202951431274,0.000620469159912318
SAU,Saudi Arabia,1749947.625,13.74460506439209,2.713832378387451,0.1277184635400772
SDN,Sudan,181252.390625,10.32207202911377,1.6117841005325317,0.005256949458271265
SEN,Senegal,53146.421875,6.142953872680664,1.6175360679626465,0.0018144188215956092
SGP,Singapore,477183.59375,3.75960373878479,4.351568222045898,0.026995936408638954
SLE,Sierra Leone,14754.4794921875,2.535529613494873,1.6451164484024048,0.00031500705517828465
SRB,Serbia,121193.109375,2.9051904678344727,3.4737987518310547,0.006433262024074793
SVK,Slovakia,151482.375,2.4688608646392822,3.8490355014801025,0.008877618238329887
SVN,Slovenia,71353.5625,1.0468058586120605,3.5749080181121826,0.00549818342551589
SWE,Sweden,527787.8125,5.002136707305908,3.435986280441284,0.03723354637622833
SWZ,Eswatini,9042.5439453125,0.31253039836883545,2.1570098400115967,0.00038078476791270077
TGO,Togo,18116.091796875,3.171970844268799,1.798118233680725,0.0007792915566824377
THA,Thailand,1192240.125,37.540958404541016,2.8044486045837402,0.06815030425786972
TJK,Tajikistan,36495.9921875,2.6825780868530273,3.03216814994812,0.003101544687524438
TTO,Trinidad and Tobago,39584.796875,0.6137170195579529,3.0853209495544434,0.0009832355426624417
TUN,Tunisia,130405.375,3.687084436416626,2.6992413997650146,0.00367059838026762
TUR,Turkey,2246181.75,28.08733367919922,2.514292001724243,0.10828197747468948
TWN,Taiwan,1100432.625,11.5,3.3576505184173584,0.055616527795791626
TZA,U.R. of Tanzania: Mainland,132853.90625,23.670143127441406,1.7155940532684326,0.004630011040717363
UKR,Ukraine,580797.3125,16.49907684326172,3.289668560028076,0.05263486132025719
URY,Uruguay,71310.9765625,1.6353788375854492,2.7764058113098145,0.0033821684774011374
USA,United States,20566034.0,158.29959106445312,3.7493414878845215,1.0
VEN,Venezuela (Bolivarian Republic of),7162.51171875,11.6943998336792,2.8934617042541504,0.0007598692900501192
ZAF,South Africa,735067.0625,18.642709732055664,2.9082024097442627,0.03389685973525047
ZMB,Zambia,56811.10546875,5.225447654724121,2.686845064163208,0.004759239032864571
ZWE,Zimbabwe,41081.72265625,6.831016540527344,2.713407516479492,0.0008370489231310785
