date,gdp,gdp_trend,consumption,consumption_trend,investment,investment_trend,hours,hours_trend,capital,capital_trend,tfp,tfp_trend
1948-01-01,20.326692056409744,19.88590771644663,13.031809721589514,12.930005014806573,3.6104963402347114,3.4334439946966335,111.53180723819418,108.53658306699887,21.75987136515989,21.69624836720328,11.461516632739182,11.472461151078882
1948-04-01,20.61859558981917,20.100854273304684,13.173140817495476,13.022578834225648,3.807715635455274,3.458544830210027,111.24118751222262,108.69392497565546,21.91583476513667,21.838560834758884,11.616770216124658,11.551813937441073
1948-07-01,20.668834913294074,20.318402590742096,13.108611641165375,13.11587973597747,3.8877510218862423,3.483938654218228,111.66408850746754,108.85334700160479,22.092415581375963,21.981847003045107,11.5838082192509,11.63228630121725
1948-10-01,20.658438035993534,20.539194703500616,13.110414825150901,13.210073506303571,3.782485244786073,3.5099505036759555,110.44751665425588,109.01829078341584,22.318502756985335,22.12620312566232,11.619237160047545,11.714025909268726
1949-01-01,20.341453011524223,20.764121533003916,13.078381136444365,13.305325970237421,3.190624733368074,3.5371576022740636,108.4032883899997,109.19395916766241,22.51119433200075,22.271797696425605,11.545936433634578,11.797153651305416
1949-04-01,20.22142548468238,20.99418783691668,13.29802540635425,13.401744157627776,2.700725926900488,3.566322183773999,106.33725155649336,109.38648117733416,22.530836642538773,22.4189247476555,11.618724413525937,11.88173337199442
1949-07-01,20.37412722830505,21.230168705929568,13.2751487452994,13.499292869474212,2.9527623237002456,3.5980013218102775,104.92118324137509,109.6015370828796,22.42007796283578,22.568036718459055,11.82930503229284,11.967669589886226
1949-10-01,20.145568040836284,21.4723692581334,13.417798275089696,13.597869637553618,2.7891309564605673,3.6321436151857354,104.1919952784338,109.84292205189509,22.373823404886604,22.719668619478224,11.758241884832495,12.054695209241565
1950-01-01,20.874754298856335,21.720547943332477,13.59697058821343,13.697225442031671,3.4749878527683675,3.668245398646039,104.69859183306257,110.11147733855675,22.287442009613166,22.874275650742163,12.16194463496509,12.14244686409803
1950-04-01,21.454197185201764,21.973573735843075,13.80167833302501,13.79698882179803,3.8633853394013613,3.705172805423193,107.00418810567751,110.40442604543206,22.379209784765514,23.03210447197993,12.30609821719608,12.230360045892605
1950-07-01,22.234704139626036,22.229708194213842,14.467389100595216,13.89671356929294,4.23122697313286,3.7416195172419036,110.14215439925898,110.7154891842591,22.57744003370849,23.19303169163395,12.477847324360608,12.317866158900559
1950-10-01,22.71791286050424,22.48679304618765,14.055290687728741,13.995943626427273,4.859699867432749,3.7763265805693735,111.44026639143641,111.03615550429167,22.96833043633548,23.35651045181814,12.576506304487356,12.4044284408205
1951-01-01,23.089237865717894,22.742572428742502,14.376280315991796,14.09456480127481,4.4379439281065265,3.8082839043589707,113.63279730297984,111.35745701664446,23.510683554288388,23.521582599352378,12.51853851347936,12.48959647306946
1951-04-01,23.531426699410925,22.994837017395742,14.015454243455707,14.192497824508369,4.60814939488624,3.837059023241364,114.7515758653173,111.67057571336997,23.907636448104185,23.687014289834707,12.603221853534015,12.573016928365352
1951-07-01,24.008311029080854,23.241505690593698,14.185322374642206,14.28983864692365,4.234839637131525,3.862585520840315,113.58199515120195,111.96801135435014,24.28363035509665,23.851529819983583,12.87404280196414,12.65434699366716
1951-10-01,24.0139513359108,23.480757894870894,14.265653586592563,14.386573635734479,3.8486722876177977,3.8852501207917873,113.41405454777518,112.24409909725259,24.51475169523735,24.01395764597437,12.846795381721643,12.733256143358581
1952-01-01,24.24449452204264,23.711195353224007,14.349746411719469,14.482622938158048,3.9169055515407227,3.9056817955827623,114.01427180305245,112.4941362672916,24.66227806407041,24.1733670388068,12.898591859281233,12.809545890147668
1952-04-01,24.263674356663934,23.9317209625554,14.589791814362963,14.577828279023633,3.5622297194156034,3.9245052972457635,113.38274013144789,112.71412652391878,24.815674941900614,24.329118951801217,12.92740024601892,12.883087253335212
1952-07-01,24.35985059413534,24.141555518315247,14.545182845557113,14.671943390544554,3.790771988644099,3.942367762450158,113.83860386833592,112.90101301687916,24.829945993857645,24.480867671221095,12.942231375144427,12.953807307299597
1952-10-01,25.07419462697169,24.34012694833471,14.99070903942797,14.764724061848662,3.9991685111245956,3.959689933935505,116.49369366510254,113.05216529090275,24.89518908963129,24.628567615599078,13.111557904627043,13.021662444568337
1953-01-01,25.30882084383708,24.52700810382297,15.083008287829292,14.855840389614439,4.022418216643965,3.9768030820470255,116.63394728430032,113.16555707959728,24.86762603525332,24.77239536785811,13.229028100597494,13.086603781870632
1953-04-01,25.447711980144305,24.70224344994689,15.132901380461512,14.945097526188054,4.034942347387392,3.994069173333225,116.58433324830177,113.24131357612703,25.020154352593586,24.912703077583277,13.276860606600843,13.148640913881671
1953-07-01,25.249225816964987,24.866391454810064,15.082625245089591,15.032440076891714,3.9654938327873084,4.011885109375041,115.17386724982354,113.28173567724271,25.17015892283137,25.049914230418874,13.250192542799702,13.207875802520329
1953-10-01,24.782959048068808,25.020512947486356,14.968016036514275,15.117930983480157,3.6243721181109714,4.030680623002131,112.9677245175693,113.29122230378228,25.26754801724505,25.184532085866934,13.15224837885195,13.264495327343795
1954-01-01,24.579154311718952,25.16595417339866,14.99925119832347,15.201667853215794,3.5538977819513544,4.0508644468403014,111.06111686703659,113.27537454215988,25.274523362046704,25.317148603276475,13.187936475910426,13.318718512722489
1954-04-01,24.53832452288891,25.303956349732506,15.117798123198241,15.283656681743897,3.5238320538630816,4.072583937535658,109.91407990836268,113.23960773812078,25.281044981429883,25.44842208468284,13.253978438115842,13.370698902692078
1954-07-01,24.75477407191361,25.435423671851527,15.214085243335115,15.363776199232023,3.7335772790381934,4.095655767972186,109.21910518026714,113.18794653117085,25.28796495335484,25.57899855189066,13.424845140580047,13.420511335313329
1954-10-01,25.159182175964315,25.560796486935388,15.426106953758305,15.44179863334173,3.911016879305355,4.119520783954695,110.23088381261938,113.12230878863284,25.32932104211593,25.709431833709548,13.554871810449376,13.468159452319561
1955-01-01,25.79659643164063,25.680095194150827,15.699919262991264,15.517398126697534,4.290471098441619,4.143367426887841,111.65918614371724,113.04209182230957,25.413307293933226,25.840102536499156,13.766510525261838,13.513651089515472
1955-04-01,26.11934353614574,25.793091423953925,15.89137612172066,15.590234307537877,4.503958994703513,4.166230073434942,112.70310266675729,112.94487242124951,25.57537570800844,25.97115733785904,13.823897594357817,13.557049936071758
1955-07-01,26.388357913398327,25.899632215980663,15.987485219190106,15.660076992654309,4.584738050798972,4.187213716863176,113.51198186284401,112.8273748109445,25.797702673412378,26.102474211782827,13.859455564355258,13.59857934677811
1955-10-01,26.47394583167041,25.999772589554112,16.028750356783984,15.726882341104481,4.777753413683676,4.205612586333221,114.56772648063122,112.68619594612085,26.04386156978971,26.2336768831142,13.775125904054192,13.638632657103352
1956-01-01,26.29973663342726,26.093879380311197,15.9178996589087,15.79081246680328,4.68304038605753,4.220952411836671,114.9532397628527,112.51838912542947,26.330973768530782,26.364188049633967,13.602334868555808,13.677771056687618
1956-04-01,26.443832963600443,26.18262598705551,15.939107623005228,15.85222279184724,4.566498542311845,4.233096069980253,114.88927452350612,112.32220574549712,26.583017160593517,26.49329890464326,13.636267706668711,13.716647968284297
1956-07-01,26.342119930225465,26.266828485172166,15.884696902234516,15.911555871913343,4.569503160699031,4.242187793219435,114.0940599093276,112.09743071032707,26.792299046450015,26.620266317624875,13.607881911277637,13.755876841482609
1956-10-01,26.69942620734738,26.347480299645497,16.087334496143,15.969316832636022,4.473165563282639,4.248581447728104,114.3936056747395,111.8454531048366,26.99718608971458,26.744390400247788,13.732309761233866,13.796027500814574
1957-01-01,26.801932758437925,26.425636606252546,16.082391982918153,16.02600212967557,4.434554608545429,4.252836354501438,114.20591811522331,111.56890253326709,27.178024776684218,26.86506787688567,13.767545824339331,13.837582957383635
1957-04-01,26.665002507138222,26.502586219054454,16.05328902593827,16.082189813514155,4.401017637463307,4.255655007338597,113.63216191759665,111.27196833233945,27.334455085822768,26.981845278144334,13.714545877938383,13.880992121326518
1957-07-01,26.83421437216114,26.57986842810985,16.159626686607705,16.138501721641568,4.440133754766298,4.257855172933551,112.69466465973895,110.96042994512624,27.46254941661959,27.094459877664224,13.853409787267482,13.926665842081642
1957-10-01,26.454589579966886,26.659142422765143,16.176350001591665,16.195550269508647,3.9579044035950246,4.260346412037965,109.92828368619674,110.64146270258824,27.58403163568971,27.20286809790346,13.858427455988942,13.974915763843404
1958-01-01,25.683545549333875,26.742246586458783,15.924523361007182,16.253969855338315,3.6657034574732634,4.264152261886425,107.09407749206146,110.32323287247212,27.597146833529205,27.307258812560733,13.682619260488952,14.026012631512629
1958-04-01,25.784434626832855,26.830914037641854,15.99687350468575,16.31439207273502,3.5545390653693176,4.270104220675946,105.25536329471556,110.01336913894318,27.555474610959628,27.408064808882752,13.899218182562418,14.080158740986043
1958-07-01,26.308584977696878,26.92622343183085,16.131086723354052,16.377248683261957,3.8987895418649265,4.278636563175658,106.23046369481695,109.71737835482688,27.48320624708432,27.50590903910291,14.109976029443853,14.137341932243155
1958-10-01,26.820452304643286,27.02860033247107,16.20448073974708,16.44277674712622,4.2951486919834005,4.28969939801842,107.4099009705372,109.43768722962938,27.469969465060693,27.60151756658578,14.284044857874635,14.197436510083447
1959-01-01,27.23251108034968,27.138087491041844,16.512988304240647,16.5110616311201,4.4379499862997696,4.302996694362229,109.08298824532075,109.17449935178878,27.557761814246728,27.695613376874647,14.342488723970508,14.260298642425816
1959-04-01,27.744771327195313,27.254601019956667,16.748424054940383,16.582039679964815,4.744745377900909,4.3182357869674535,110.74542820905317,108.9267492530087,27.679895260127388,27.788846998834487,14.44694753505216,14.325837475165544
1959-07-01,27.66534155721156,27.37811913640505,16.899794434144606,16.655648151841323,4.405407166454419,4.335206189664293,110.02967238307892,108.69332996122085,27.877602141240356,27.88179110658023,14.43043866219061,14.394013105634873
1959-10-01,27.655528442522854,27.508930003587412,16.890590452971928,16.73192830267172,4.52680087582453,4.353952384398856,109.69983335595101,108.47427166259034,27.994804386639323,27.974957495498522,14.432290248911293,14.464861801946485
1960-01-01,28.0859834309788,27.647511579188087,16.891712300548356,16.8110757181333,4.993335159232339,4.37456535479882,109.6414389919314,108.27043611925603,28.036593300761595,28.068862209284106,14.654348093723467,14.538444300803786
1960-04-01,27.855434891896145,27.79444809639311,17.10245862823803,16.893390087504358,4.483804534162391,4.397246710943443,109.51148379558529,108.0834430455045,28.304875544321003,28.164040713075707,14.496861836254693,14.614802766818652
1960-07-01,27.902954974605088,27.9506159335289,16.985390180232713,16.979228672779026,4.417441114510641,4.4225701327358005,108.54456067408718,107.91575641915134,28.42603363308606,28.261015448934195,14.583727408551656,14.69405394212097
1960-10-01,27.448757838309998,28.116955446790808,16.972593124700172,17.069088373364046,3.8598696247323514,4.451180141226627,107.15904294786537,107.7707179685358,28.517237081136315,28.360404576733764,14.450425246393486,14.776243064880981
1961-01-01,27.533680735264127,28.29440609764062,16.89956456403377,17.16348203773392,3.9595661586746353,4.483739966760465,106.16627540729355,107.6520547783915,28.462636678844245,28.462938785905656,14.592878760049832,14.861347163222032
1961-04-01,27.91017488727745,28.483510972856525,17.0539711749017,17.262874688386205,4.22552446591929,4.52053712084788,105.57934894214259,107.5631120760343,28.446775890949812,28.5694583326543,14.84871693541111,14.949135117290352
1961-07-01,28.358950063288226,28.684347757737555,17.10197598062513,17.367576358977725,4.541966132965937,4.5615229154963135,105.87348756258939,107.50631274446688,28.502115532812702,28.68081680724118,15.04997390078536,15.039199490018387
1961-10-01,28.8688415967489,28.89663744358724,17.382253450380354,17.477774338989743,4.620659439397518,4.60646087747731,107.05704568735996,107.4828512713014,28.676853892408356,28.797805148773186,15.177760340655457,15.131059495865742
1962-01-01,29.33713987573813,29.11989239571457,17.523964366081472,17.59349403367251,4.843682976926669,4.655099389111924,107.27974521914467,107.49292309354189,28.86542789810268,28.921116339238242,15.367853790102515,15.224229383712242
1962-04-01,29.493164560731365,29.353598076793457,17.707610209825518,17.71470352186048,4.750712019018544,4.707190215926166,108.15867535749437,107.53648819320762,29.042270030631585,29.05138153528912,15.335045526808484,15.318240775216768
1962-07-01,29.721032427248165,29.59736532207048,17.779758380690193,17.84132825870605,4.790290977343664,4.762595669954406,107.43993914099848,107.61340429631284,29.163851077234412,29.189211414232844,15.49796663782454,15.4127039848377
1962-10-01,29.651540245007652,29.850883793198438,17.94831538270766,17.973289157764047,4.599117191461239,4.821201727362978,106.16306240435429,107.72394817408876,29.260233683918173,29.33522637976164,15.564370904198984,15.507230221847513
1963-01-01,29.828137281210328,30.113913338691223,17.958287820624456,18.11046742578631,4.783128687517817,4.882908055787484,106.2825272106497,107.8683200803874,29.326469092472838,29.49004771471445,15.63324986348973,15.60147495012326
1963-04-01,30.032972975894527,30.38607968911435,18.046576116831986,18.25272619315939,4.84770465675326,4.947464287883643,106.49550718401966,108.04576696752966,29.453049947670575,29.654267471849334,15.696458225785362,15.695121500293235
1963-07-01,30.566655513460816,30.666813088192097,18.279642040200105,18.399828312815316,4.961856990792316,5.014542185158632,106.34557543906848,108.25455886740679,29.597371577514245,29.828392863576546,15.962685982886999,15.787866022454269
1963-10-01,30.6385007559672,30.955296529305816,18.274693596891833,18.551397954746292,5.022051413943475,5.083730302777626,106.72461457038192,108.49199964991489,29.761541770965042,30.012821416288215,15.932370580429842,15.87939887566092
1964-01-01,31.152066581892292,31.25061746502317,18.583704203294467,18.706970485651933,5.1379223190160515,5.154559228586121,108.32382822930053,108.75418300976715,29.935206872417048,30.207820058575678,16.010936877393025,15.969513916780441
1964-04-01,31.365776607931377,31.551624138014073,18.834791277829886,18.86588826937197,5.107729040976021,5.226492074262236,108.35696341693979,109.0360627977021,30.13787039526333,30.413509207069055,16.079553573633802,16.05803470813826
1964-07-01,31.719937380314743,31.85705556965427,19.08712147835202,19.027392102973998,5.1625552425862855,5.298950019282027,108.5853454748299,109.33228073505684,30.316159224092836,30.629845107852663,16.20538459186052,16.144808143890515
1964-10-01,31.677200559318802,32.16548120574953,19.033376733958644,19.190676206367,5.223393065602276,5.371244366183989,109.16420196090154,109.63699809662967,30.498946650506156,30.85661272865407,16.09382284921014,16.229692618079206
1965-01-01,32.30925329218188,32.475325945596765,19.342205298815486,19.354944310068774,5.69592433734,5.442560654009026,110.40351600839901,109.9438421439258,30.696839155139823,31.093395365371695,16.258090163588985,16.31258305971237
1965-04-01,32.58510922426276,32.78463986744803,19.485350082239503,19.519272020909693,5.669753937204146,5.511947393274021,111.04604785183238,110.24607120682589,31.009275844286222,31.33953886762543,16.277374982273695,16.39328752591059
1965-07-01,33.19885308549965,33.0912935945086,19.75140426882411,19.682695524885947,5.8144723735715,5.578568391748605,110.94573518338447,110.53715821201736,31.32676430832857,31.594117410188396,16.534650471029906,16.471577355021747
1965-10-01,33.85120735038733,33.39295401917883,20.162567240353678,19.844198059570186,5.865939786163766,5.641655004991789,111.62471222871224,110.81101096668804,31.668450862783278,31.85596535528812,16.729186485517367,16.547147843694052
1966-01-01,34.58104992581534,33.6872780234023,20.431194957012167,20.002775068960933,6.266651166473434,5.700562996207387,112.93101223431654,111.06174059374193,32.031912093589476,32.12370780780621,16.893508477527604,16.619730371107647
1966-04-01,34.603272565783215,33.97214021516967,20.426686452552254,20.15759376885376,6.168598037049891,5.754775858138819,113.72336417381652,111.28392748089745,32.47900663203348,32.395803216999276,16.74627375637479,16.68916798773961
1966-07-01,34.79641567668142,34.24591917548121,20.55979706221004,20.308069290659937,6.079071427150422,5.804117454456252,113.9312503917604,111.47329243748892,32.88438146433814,32.67059802128944,16.74690423426787,16.755474670706864
1966-10-01,34.9778186741312,34.50735742471752,20.570249224704533,20.453774600698498,6.122257888155082,5.848676666258769,113.28990734317257,111.6270679748969,33.24883428032565,32.94643413039236,16.831040110264144,16.81870296381162
1967-01-01,35.170640329217555,34.75552749260007,20.594720750107008,20.59443544528489,5.949932260155998,5.8887316335971285,112.78373650997604,111.74402799136517,33.60030921808949,33.22173232704993,16.910801562714738,16.878903121525564
1967-04-01,35.06010542570063,34.989795213023186,20.791100124987647,20.72985044491938,5.678075056281113,5.924751496435735,111.67366465641967,111.82401102129931,33.88197555583068,33.49505247820748,16.91688667060686,16.936136062504367
1967-07-01,35.21864778994322,35.209795400096624,20.78834503923964,20.859820110086254,5.813989476911469,5.957266739122817,111.49287548494213,111.86753966959088,34.04566720635511,33.76514821445639,16.982619508805122,16.99048563355092
1967-10-01,35.32293640657947,35.41522306030751,20.76839857298509,20.98418574058869,5.917071435732568,5.986668960294139,111.49300653632348,111.8750794489299,34.250268106631104,34.030980804727925,16.997213349277533,17.042026553894285
1968-01-01,35.90445994588121,35.60579639026759,21.17410316575479,21.10274672542235,6.012641918389373,6.013272501308128,111.25416052563884,111.84689655306431,34.49529799352149,34.2916610907739,17.258026788654494,17.090831274681104
1968-04-01,36.38044594598183,35.7811936052583,21.415832494812673,21.215168073447224,6.1887454941565325,6.037358260271088,111.94071508978763,111.78305228378765,34.77283900024175,34.546417546003674,17.36824717096343,17.13694652426051
1968-07-01,36.51398184141528,35.94129848753307,21.740455318303265,21.321160127401026,5.978604091201908,6.059215273810123,112.26703200238416,111.68327109138689,35.060342702847755,34.794591723560245,17.348976493752428,17.18052562114632
1968-10-01,36.48334324684697,36.08639118262095,21.669868960716435,21.42056129995205,6.058760844563825,6.079234011395822,112.42849313625074,111.54741133136548,35.261226002400655,35.035657432106134,17.283637857424903,17.2218691523702
1969-01-01,36.88938480715097,36.21713678673683,21.79950342000917,21.5134768084976,6.401943417123435,6.097761318465564,112.96969714189787,111.37573022309046,35.48451525851424,35.26925040680715,17.383083008327016,17.26138700478437
1969-04-01,36.85016671437918,36.33447892254331,21.851715725537147,21.600177574110617,6.307900383614086,6.11513688572872,113.55165766495273,111.16906545082051,35.79959160063087,35.49514821551455,17.253239292424063,17.299532361123866
1969-07-01,36.935324284000295,36.43981003778839,21.82597963182307,21.681124838999946,6.367635045734214,6.131891787834156,113.61294975283387,110.92926829133255,36.07236073389552,35.71326783241481,17.24118057583423,17.33683905277549
1969-10-01,36.57828248973197,36.5348749865117,21.865853310921096,21.756950223009557,6.045237968814419,6.148682626501645,112.72293186649496,110.65967296974858,36.33008095313408,35.923725086514644,17.119314772311903,17.373816681854038
1970-01-01,36.335871541135205,36.62175683413488,21.834879199450143,21.828389903843732,5.811008725641992,6.166318685803252,111.69037156784667,110.36525800356671,36.48517861605208,36.12687314382546,17.082398997845427,17.410919082506947
1970-04-01,36.19358367495553,36.70259301217693,21.754975972213348,21.89626174617426,5.8138619407326395,6.185553147742759,109.6302098586368,110.05224082624582,36.57082050395334,36.323336453239676,17.2085411870023,17.448443056376792
1970-07-01,36.320397506934256,36.77936399744595,21.853993202603558,21.96140044898489,5.815763607728398,6.20691919191928,108.45977614383968,109.7276007062307,36.64106250857802,36.51398511252782,17.378063913387365,17.486479787281986
1970-10-01,35.72094370418871,36.85374737022785,21.662135421291154,22.02456318552471,5.4717678415446915,6.230717697662436,107.00065169028225,109.397979084655,36.703678460023895,36.69986874637211,17.232078611270186,17.52496962958575
1971-01-01,36.48825709700515,36.92714540838278,21.831636695473176,22.086449128409853,6.0910943329348495,6.257001907331655,106.90625292290694,109.06914808989575,36.68785234030218,36.88214255167109,17.61499698139841,17.563784153710763
1971-04-01,36.4767417151433,37.00024988899083,21.869085426755674,22.147536136366835,6.225114152225136,6.2853181798597815,106.64469425808083,108.74530510542205,36.82237400495308,37.06198990137982,17.614919943136908,17.602608371967186
1971-07-01,36.57442031376393,37.07348109472954,21.9134093862666,22.208146533191837,6.275206843788407,6.315100400672458,106.05661731586,108.42924055125803,36.99116619875421,37.24049606528745,17.697334810554782,17.64115660947506
1971-10-01,36.4535024609152,37.14693181225288,22.10365514878932,22.268430199738546,6.076446363195612,6.345734450177989,106.59134218917012,108.12239503721786,37.1610011059684,37.41861649672657,17.55309446369919,17.679148430578227
1972-01-01,36.7074879397266,37.22038028550746,22.041870974521633,22.328352261182246,6.352562261081866,6.376569285306281,106.5817730472394,107.82470320669641,37.06648755762366,37.59716753586969,17.692187224798253,17.71633625165198
1972-04-01,37.34364485729205,37.29316378813217,22.333721248465604,22.38777359927748,6.68799059858866,6.4067675426972315,106.79273925259317,107.53514340996925,37.268093398860714,37.77681815324047,17.94158660717098,17.752391140185384
1972-07-01,37.49675344985806,37.36429041127347,22.540454211289028,22.446372522702507,6.772314055714636,6.435461002210475,106.82911148186803,107.25192902341232,37.543880618148314,37.9579128682652,17.964742048967615,17.786966553337106
1972-10-01,37.94380141044472,37.43279253357001,22.85649596710057,22.503790102613195,6.844511232643408,6.461940414826303,107.43236739436529,106.9728298165417,37.85009841964026,38.14047953748855,18.061084075410456,17.819831697620675
1973-01-01,38.683261357157456,37.497778905288556,23.16819824643692,22.559722949098916,7.141726070986201,6.485693953677445,108.48962486633403,106.69537562096349,38.14899793362806,38.32428373704084,18.245926669707615,17.85086555099962
1973-04-01,38.902976461188366,37.55867133424667,23.127026485138686,22.614084821068236,7.379389353593941,6.506439681441145,109.06699576736906,106.41740697322852,38.51017686071367,38.50890245332676,18.226152425894224,17.880097136702236
1973-07-01,38.49831209727615,37.6156209683011,23.060704765233066,22.667166120985904,7.097350836170817,6.524289316063949,109.23955301528623,106.13789316262223,38.91722034146828,38.69379355041933,17.95185720359848,17.90780128298539
1973-10-01,38.668000616372986,37.66960920456386,22.889463414440094,22.719578821489154,7.356430425962183,6.539874692428631,109.23025393117804,105.85744154855703,39.24297044540357,38.878405253142155,17.979450864369653,17.934469886854284
1974-01-01,38.139731565704764,37.7221709021176,22.810756984461587,22.77218572171451,6.863703547057519,6.5541816340344505,108.20526034982538,105.57855391794519,39.61866432409761,39.06231592551821,17.78342974051086,17.960625647183214
1974-04-01,38.03607108189948,37.77546748341359,22.88101652314953,22.825963941736468,6.895737014513966,6.568689020987847,107.9412102139549,105.3057700740304,39.85910171320719,39.24532514540353,17.725706911117047,17.986822584491602
1974-07-01,37.48918268863948,37.831932982912896,22.812171967608826,22.881924127044226,6.512747779842292,6.585079049763443,107.0251497703907,105.0451968042455,40.10194733475511,39.42757760137116,17.53059017002712,18.01350635006726
1974-10-01,37.15764433533872,37.89417932513783,22.277667189162532,22.941121752336382,6.534995145688517,6.605252333706688,104.72989032376591,104.80450214814067,40.24057981598011,39.609605228223586,17.600866403583623,18.040960372801894
1975-01-01,36.52775062732323,37.96462159308526,22.26744530747333,23.004580259961877,5.521849078134755,6.631091678716654,100.94708535849222,104.592512454042,40.38612202844213,39.79237184158337,17.69884765887211,18.069162983437476
1975-04-01,36.614740512104504,38.045230304661814,22.466915589789107,23.072912969713503,5.392532317661011,6.664476133274811,99.54477224020978,104.41795435128998,40.27888003184755,39.97725403893725,17.91971727382492,18.097813102368633
1975-07-01,37.0303101183867,38.1370798858547,22.67948936934508,23.1462717848611,5.74337766602052,6.706575934389027,99.88193218761911,104.28721719603067,40.10481761172528,40.16602585162754,18.110745409409947,18.126373181627276
1975-10-01,37.34470596612362,38.240347910626234,22.812194523186086,23.224426896935075,5.855245024782811,6.757725016101399,101.10508081139598,104.20359466731004,40.05536721104506,40.36068470295583,18.128406499315247,18.15419007472385
1976-01-01,38.00264499671697,38.35451722216487,23.169316618584,23.306851102169443,6.359314714419748,6.817637998478106,102.2801059933022,104.16762023039111,40.041352450084105,40.563229062214674,18.312000075503523,18.18059689622017
1976-04-01,38.110298842111824,38.4785031206189,23.239412240418556,23.392749800030227,6.631135049067428,6.885430743841267,101.86029808317912,104.17792575997866,40.1644914410878,40.77550619111688,18.393256248949648,18.204906985759422
1976-07-01,38.13520015755731,38.610991440731624,23.424299042901605,23.48123104311303,6.6364528194347425,6.959902556463549,101.77633204647654,104.23201423315574,40.337597088046905,40.99907393657022,18.387444725095243,18.22651268151118
1976-10-01,38.240749271314456,38.750422126187715,23.57401222945754,23.571293093765092,6.675370535317056,7.03964842933302,101.87242189915402,104.32597382829634,40.52145595577288,41.2351405099329,18.397723751231748,18.244921898919916
1977-01-01,38.52401383429824,38.89491441248622,23.79287640620719,23.66188308495389,6.979969806963073,7.1229931899546575,102.50197026961223,104.45437083872748,40.71082536336701,41.484526850702416,18.429832962869686,18.259742455787976
1977-04-01,39.08956077318067,39.04223801581605,23.880291656828906,23.751933620484103,7.409529848836123,7.2079438471143575,103.97080441580684,104.61022632445017,40.95622511932345,41.74762567009501,18.489308996359295,18.270678141262255
1977-07-01,39.601304756863186,39.18989456432008,24.056533691074193,23.84044335338571,7.741541546282998,7.292318361198159,104.5731151027227,104.78530914409001,41.29118575334929,42.02435279756629,18.608041526585964,18.27754033559608
1977-10-01,39.42598636035096,39.33537759040735,24.1336360223717,23.92647699775053,7.692919374195387,7.373959482580533,105.1300468377701,104.97094439698928,41.71475818526785,42.3141227482908,18.39598213748505,18.280278695683844
1978-01-01,39.382122331538056,39.476401445492485,24.208484305773716,24.00922210988448,7.773569252951033,7.450896677079595,105.16880721346502,105.15826758762725,42.11748580922967,42.61587090518096,18.30943834583101,18.27905035522966
1978-04-01,40.727623815818305,39.610706314365366,24.653261186168113,24.087986396866217,8.219890577008922,7.521288770519841,107.76847645478207,105.33845149932819,42.524274644017,42.92812356346422,18.57422895987486,18.274087119836008
1978-07-01,40.95031937515962,39.73594585382741,24.65884753209411,24.162195576731317,8.418447044849778,7.58344745131073,108.17722031989672,105.50261607664007,43.016800349403766,43.24904796824096,18.554956924143788,18.265641893587468
1978-10-01,41.307620617707215,39.850442937661114,24.704266834934046,24.23162250279612,8.601150799505998,7.636083580973284,108.97859053972516,105.64333745352798,43.53649183846456,43.57649952686204,18.54914869627872,18.25415506842723
1979-01-01,41.196952475377856,39.95326180379644,24.737330128293337,24.296349654852943,8.573435704016827,7.678413004324142,109.26599633635108,105.7548202260192,44.09075164749182,43.908120097645,18.386220751117712,18.240246769580068
1979-04-01,41.06673518521023,40.044366650438526,24.68579184470448,24.356757692269714,8.546851310676898,7.710252482628933,109.15057971600912,105.83332236713468,44.63002434126251,44.241453040170526,18.26282801275698,18.224718997407788
1979-07-01,41.18424932468608,40.12450124667574,24.885441369276386,24.413508347494673,8.423783975567432,7.7319943749184095,109.65498109695966,105.87728105321699,45.127206061971826,44.57408183397697,18.189616242110578,18.208462357939347
1979-10-01,41.074548699555535,40.19505876023696,24.956951420809528,24.467476882858335,8.26163178402633,7.74457658275547,109.31973729411762,105.88720633519111,45.54837158598858,44.90376303193602,18.1183022249879,18.192388244227264
1980-01-01,41.028692326435404,40.2581061281115,25.034831723329003,24.51984111537848,8.155642389043061,7.749393771199003,108.58235044069879,105.86596128892931,45.95536784070342,45.22853764197304,18.121358787256828,18.177393102989445
1980-04-01,40.02640233962128,40.31627405156649,24.392328414731576,24.572093809475046,7.430409393080061,7.748183644417291,106.18071035984411,105.81854588156345,46.337106409147076,45.546800119477794,17.885704691889806,18.164324224049924
1980-07-01,39.813679334962266,40.37268963295503,24.58345210327025,24.626060538583147,6.900302939677605,7.742947256300899,105.24966965588591,105.75164776382454,46.5137218385857,45.857363136950845,17.86897846793526,18.153991892222926
1980-10-01,40.415843195576066,40.430315980436895,24.798298052273907,24.683469852140924,7.465342607342861,7.735486659863322,106.30239419940372,105.6721770404183,46.58368389982552,46.15951148714384,18.01279467435237,18.147030245281705
1981-01-01,41.06525448877395,40.49178042686984,24.786504669709252,24.746040583520344,8.14128082159477,7.72704390414757,106.53670763530437,105.58671571658685,46.7918510624064,46.452933018845776,18.24755528857958,18.143894655691614
1981-04-01,40.62693001336423,40.559717919439436,24.633146272336923,24.815583347701523,7.8342444851593855,7.718685037169997,106.26788854614497,105.50221883385701,47.169098920894285,46.73758453669766,18.03170503858142,18.144958216770302
1981-07-01,40.97483092339685,40.63714056858342,24.606684044689946,24.893959074218603,8.197167856323466,7.7117233216189485,105.82370385107251,105.42620974445752,47.452304854411004,47.013644936982026,18.19753081994039,18.150661487129923
1981-10-01,40.39145912766627,40.72713082939432,24.308204630748573,24.982944475432053,7.921092497494477,7.70753936756568,104.99517853471751,105.3666676704926,47.81580860351316,47.281577963280256,17.98223666537648,18.161377854120698
1982-01-01,39.646310859951,40.833019149750335,24.38804216902553,25.08417068339536,7.123545205208516,7.707807110858153,102.89419065930568,105.33180731989769,48.11812759058765,47.542142070488964,17.84452323874668,18.177514833091212
1982-04-01,39.7057949376321,40.95797417172323,24.305644259785684,25.198878754147984,7.073947109000947,7.714338631302234,103.06365470622991,105.32961410252148,48.20691993414937,47.79645507271603,17.840675163170925,18.19937322575631
1982-07-01,39.439028407535936,41.104468134407746,24.43522569076098,25.327904774778652,6.946908124166988,7.728584128888077,102.0201202825302,105.366556860493,48.286654510651395,48.04602587788233,17.82810574508797,18.22704981439248
1982-10-01,39.33573611563333,41.27423680125504,24.803947957389024,25.471547287902712,6.3495814992362165,7.751605074198041,100.75492426986854,105.44771943793425,48.32601479093005,48.2926569481331,17.921119282420246,18.260420190464647
1983-01-01,39.74881770826249,41.46800665396649,24.999857468281327,25.629557144466336,6.471660983124265,7.783984021245416,101.11475605495212,105.57612319974291,48.23371483977499,48.53834169630772,18.0794948388814,18.29911116594995
1983-04-01,40.54698891947365,41.68530047983923,25.485278408315462,25.801269623693546,6.953928331116967,7.825368810930414,102.03438662545825,105.75185572981276,48.17723752878254,48.78513628962558,18.341842414936796,18.342536005064982
1983-07-01,41.241014083892296,41.924555620842604,25.93390626156966,25.985614343588384,7.291658934274087,7.874520972247453,103.79495637881917,105.9722080737717,48.23232571002757,49.034946114694684,18.442112909458096,18.389967333773424
1983-10-01,41.98074238538579,42.183472281251866,26.24686692101002,26.1813012573316,7.948704189713286,7.929608457917705,105.4417446922357,106.23212981070921,48.367585579715694,49.289329360178925,18.56359852026924,18.440672479347327
1984-01-01,42.62400287951046,42.459279195249636,26.374218965022337,26.3869774194579,8.625809777788177,7.988377160403989,107.02617790716269,106.52518477068224,48.59934685176507,49.5493655739237,18.634997792087738,18.49394515105282
1984-04-01,43.25102969152762,42.749018189478576,26.70694325658355,26.601294459948754,8.833300048611775,8.048523148387137,108.1431268400292,106.84439965796437,49.07050312526756,49.81556965811729,18.718638105109004,18.54914894133145
1984-07-01,43.551774997595565,43.0497625670919,26.8025679493864,26.822854985285463,8.944969960282313,8.108062555408077,108.31137434456424,107.18305219391954,49.570883243741065,50.08786198297346,18.763016552890225,18.60572872705293
1984-10-01,43.77606194851025,43.35882310104822,27.032422687224457,27.050282976574305,8.776641661417651,8.165427627911994,108.67325523550801,107.53515779878495,50.06316154995596,50.36568716853014,18.753823766244057,18.663228936128494
1985-01-01,44.1031541732896,43.67375042258668,27.48265960737843,27.282142462103028,8.443541947873273,8.219512941209583,109.29814913655804,107.89536427198053,50.538512376416065,50.64814918995611,18.761507950319,18.72128692964687
1985-04-01,44.38533150711794,43.99228654302587,27.714578791911084,27.516935777795585,8.547010566202749,8.269561656966234,109.7725177530992,108.25896149790346,50.905014370053365,50.93413994035112,18.780912488176906,18.779592390422543
1985-07-01,44.94515612152135,44.3123774442383,28.217920517377078,27.75323948677576,8.423498257466624,8.31494538521837,109.79111716791483,108.62205285031494,51.27263900062591,51.222456512264365,18.967867221229113,18.837856383961547
1985-10-01,45.14573739863318,44.632156730594666,28.23479038151782,27.989705650640772,8.731766891588737,8.355203347403004,110.01932984047372,108.98163502660063,51.579687071936235,51.511849916178136,18.98709980614422,18.895787216662598
1986-01-01,45.34272867563827,44.95010267319736,28.401711561875377,28.225233349381373,8.685096959706813,8.389944463062196,109.30405687496543,109.3353969994313,51.850054127313655,51.80107437081408,19.115960273431668,18.95317111815892
1986-04-01,45.42207967432207,45.26497523211983,28.49491162813424,28.458840779804135,8.546476865191202,8.419014925393542,108.71590670034273,109.68164873735172,52.21259332039728,52.08889904323293,19.169881900848072,19.009849090886767
1986-07-01,45.72594523361404,45.57574987474293,28.949946960479174,28.689627583784375,8.294694835176331,8.442453588427163,108.95496090388228,110.01866129603715,52.522651266703285,52.374097278621335,19.230699731398943,19.065762289409612
1986-10-01,45.83748811126896,45.881476862025956,29.05970266776875,28.91669036029782,8.287063938662214,8.460391286657964,109.45267708288355,110.34407764834836,52.755293636799536,52.65549487277575,19.1908768001149,19.120951533553168
1987-01-01,46.01773972076651,46.18128047510637,29.07454236741082,29.139266006782673,8.48986580997597,8.472877848159177,110.42574364979527,110.65484535677818,52.94740558626626,52.931988121167294,19.131463902911253,19.175561520625934
1987-04-01,46.379926717484686,46.47423971122831,29.46494116806297,29.356663918663507,8.439862041212006,8.479864539595848,110.71397276019891,110.94732159412676,53.21611735781633,53.202515968903015,19.2153206365186,19.22978261079861
1987-07-01,46.657850937017876,46.7593129386593,29.777374782619944,29.568138207685625,8.372107587971536,8.481323840461684,111.18144153391731,111.21769043620327,53.47394657875469,53.46600914793647,19.245013841253844,19.28377965997339
1987-10-01,47.341963527377494,47.03538077884792,29.786487433856788,29.77299738350347,8.947140802915932,8.47721395603588,112.06906081225574,111.46196551310749,53.7175415637316,53.72139047717425,19.39564250051574,19.33771033520167
1988-01-01,47.45752870571937,47.30124203153499,30.23192409188595,29.970671234872302,8.498970585761647,8.467435493325052,111.87371559705687,111.67612091854268,54.081960201165586,53.96757290837401,19.41904218937887,19.391709704974406
1988-04-01,47.970481343717715,47.555871767474784,30.424683174994758,30.160592109622602,8.637630659544133,8.452185785640033,113.20300629389624,111.85650342827404,54.34545953149595,54.203453844746434,19.44569789107531,19.445950712078844
1988-07-01,48.13401092353698,47.79833328293341,30.63159897854618,30.342352430698654,8.583018681459889,8.43169131171268,113.21684117602896,111.99958978483063,54.626214245159424,54.42799142547761,19.47528263959862,19.500625402435784
1988-10-01,48.66692710447057,48.02794434693412,30.95623308535299,30.515711458531598,8.677453215834039,8.406300675027358,114.23464286352333,112.10271312150086,54.89525596093885,54.640225068568306,19.54305376814861,19.555927823636626
1989-01-01,49.023633337357985,48.24423457360591,31.045737223878742,30.6806154491445,8.943996222543234,8.37646075908632,115.04745004599516,112.16399610995404,55.147324878259575,54.83931415226581,19.564383387488675,19.612038294319248
1989-04-01,49.29067375762234,48.44713975199656,31.210463179464043,30.83729612342677,8.791555702558142,8.342785759580783,115.23347733887536,112.1829239972036,55.49145823311137,55.024577327326774,19.60756880538594,19.66913113486737
1989-07-01,49.54290639235635,48.6370961092194,31.397481423870914,30.98622879046285,8.668017678186985,8.30622688335253,115.22494113220272,112.16080868963444,55.780373321233014,55.195529477076626,19.67306551195966,19.727352753134557
1989-10-01,49.53015459231523,48.81508677319984,31.487813986565257,31.128140619536136,8.581962726509943,8.267993883801573,114.96774967499186,112.1008868186568,56.03154717505886,55.35198454744612,19.665641758560785,19.786812604478015
1990-01-01,49.67258082344678,48.98268582356808,31.61637620301821,31.26403699626485,8.549887394984232,8.229495798685623,114.37989699804199,112.0083154407093,55.9286737721989,55.49413288930145,19.800748706354685,19.84758738604057
1990-04-01,49.74849501621128,49.141944796141445,31.58030478426093,31.39517192139577,8.469891896959195,8.192306932116711,113.63251488674764,111.89003241683378,56.15211588355496,55.6226035495105,19.887920544078224,19.90967842387814
1990-07-01,49.66656517653243,49.295379242001346,31.762043535746827,31.523045161833366,8.263440543822597,8.158168248310584,112.78518557839274,111.7544313285171,56.33641653158277,55.73831462529945,19.92912984807034,19.973057688741584
1990-10-01,49.08142519481467,49.44591899885428,31.615475033419543,31.649299568494214,7.744281643347464,8.128963043355801,111.99964964890879,111.61095461578674,56.44019642408699,55.84253257869648,19.771272764428637,20.03768321140472
1991-01-01,48.747817633760775,49.59676385027133,31.28784171221887,31.775755409412806,7.468001938273994,8.106619024176243,110.65439946650804,111.46963990366424,56.443464913534946,55.93691476631194,19.791332000250353,20.103484909707145
1991-04-01,49.028523295010025,49.750922970163266,31.424190236359216,31.90424105369856,7.4143888016870445,8.092811338159205,109.75207682933883,111.34071663040352,56.38426316153337,56.02350878093697,20.01886883424132,20.17022312232467
1991-07-01,49.15631853056211,49.91090469264513,31.471682128195628,32.036304764176954,7.504818701199009,8.088812154486348,109.35392986425666,111.23385928754088,56.28986685679558,56.1046952118982,20.13032055775924,20.237457095822855
1991-10-01,49.19153817131955,50.07879292836871,31.40976461392213,32.17321605492569,7.68581368522342,8.095480726523787,108.8683597132921,111.15771671602593,56.20293348592337,56.18309616175712,20.214031668808683,20.304644592105028
1992-01-01,49.67055450508202,50.25622350733976,32.00784638737409,32.31590808361007,7.468940612595722,8.113339204820374,107.97507254836525,111.11975139906295,56.19537671105947,56.261465167357926,20.52143848568838,20.37116857585071
1992-04-01,50.09641139487964,50.4442955951126,32.172968315675526,32.46484499253737,7.843259418026937,8.142694912457047,108.14105674168295,111.12600482140347,56.13192091642875,56.34258374467364,20.68490493672568,20.436346888491247
1992-07-01,50.455702543430874,50.643758609153764,32.478521581385145,32.62030629125596,7.869291655853465,8.183483506578703,108.04457889799039,111.18057324388228,56.139366632539584,56.429208247872154,20.84437928595645,20.499583130988988
1992-10-01,50.82633073952521,50.85515942980526,32.76843006640619,32.782394069199974,8.048781938615699,8.235492729278445,108.39744153233863,111.28572674174403,56.13208322454512,56.52398076342297,20.95399116696417,20.560429527364974
1993-01-01,50.78217392618773,51.078941338130115,32.82252365674009,32.951125000219655,8.178843616440211,8.298344801689252,109.08843789718713,111.44181794699239,56.19954203058952,56.629381566746595,20.84072975533091,20.618648917628256
1993-04-01,50.960221955562645,51.31554356315558,33.070037562185824,33.12650943589984,8.191422006527338,8.371568472605947,110.07589340355051,111.64743545207757,56.309326271743046,56.74766752339117,20.777463487402823,20.674247667210782
1993-07-01,51.06899905950914,51.565232248817004,33.297440812502195,33.30847856186957,8.131832002008865,8.45463147839884,110.43451582185268,111.89973063933938,56.40046052387265,56.88085084016584,20.766081447005572,20.727372251004702
1993-10-01,51.61703245397705,51.82806026223562,33.50486351480924,33.49692815978366,8.486454446693621,8.546890461805678,111.16896365608665,112.19489391454303,56.46232448228199,57.03069621352657,20.890673038302346,20.778236472306858
1994-01-01,51.994537909411996,52.10377303204022,33.76758088525782,33.691746276765016,8.780718385650768,8.647483679124731,111.58491005889869,112.52819784175661,56.63648864202504,57.198696316930274,20.969821418183543,20.827081499888877
1994-04-01,52.582243515025745,52.39198276872471,33.98006925780837,33.89282475000069,9.17820298963034,8.75548372568096,113.14907483740507,112.89424934194567,56.886379328751126,57.38601710142629,20.983471046906615,20.87422197444697
1994-07-01,52.747881821144766,52.69222901165643,34.196632219987634,34.1001019145125,9.006470172755856,8.870009691298655,114.1730100359712,113.28701716687858,57.200616480794054,57.593501037711356,20.886362356282657,20.92006529355368
1994-10-01,53.20321933633937,53.00416503306435,34.444902787465836,34.313570717474484,9.33119159108809,8.990403237679297,114.32625984328783,113.70056456986325,57.45495147341004,57.821704820050776,21.01564280910316,20.96509123155299
1995-01-01,53.31558681897111,53.327474591500554,34.46339654188913,34.53328579370963,9.409506420539092,9.116058260998424,114.7043499425759,114.12943417651806,57.860482305273955,58.07096421516065,20.963211899510355,21.009762734165463
1995-04-01,53.3636343489559,53.661962361779736,34.728322237394096,34.759386926605416,9.178942931573024,9.246548936288724,114.28400646042365,114.56848422243209,58.2332139911439,58.34140751708039,20.985018753840453,21.054578467600695
1995-07-01,53.67893503779142,54.007423038240546,34.923660980899896,34.99197396878404,9.10527483675348,9.381608968490456,115.31033988803901,115.01285669586592,58.50720212668156,58.63305067126887,20.95224369280663,21.10001212213994
1995-10-01,53.895828675226824,54.36345862009254,35.05637836893074,35.231130401872505,9.257949312918372,9.520910439594536,115.2812572329305,115.45743884455314,58.74390526377382,58.94585911732049,21.010640218566785,21.146497763155185
1996-01-01,54.18414201013403,54.729453409155255,35.33063510702767,35.47689921864702,9.333283102360102,9.663922495606396,115.24768220576343,115.89722573178459,59.04643140749076,59.27973456342667,21.089086430919192,21.194380268984485
1996-04-01,54.949489990281634,55.104478460521,35.71137450077124,35.729214017657036,9.702632843220528,9.809907405963772,116.04332220279103,116.32702594711795,59.334269095547974,59.63446409940714,21.25533147855261,21.243922235027696
1996-07-01,55.284782233308135,55.487232277888054,35.860930888413776,35.9879138576833,10.023985844232369,9.957862977751933,116.67884181558588,116.74116417956529,59.68473013638721,60.00969605406436,21.26536665105181,21.295322687428857
1996-10-01,55.690768844778745,55.876278351082455,36.09052683347811,36.25282188063495,9.979630949657642,10.106654596396577,117.6574964725256,117.13371265151147,60.09243118226933,60.40489211363727,21.254839287755928,21.348790086065208
1997-01-01,55.79037271205876,56.270010398324814,36.24625826770924,36.523675194220516,10.156521652313662,10.255121475943833,118.10204741427448,117.49863743008183,60.37654313071259,60.81930438126157,21.205685947173002,21.404516582440436
1997-04-01,56.594425417268724,56.66665798613695,36.34811281713893,36.800099500790935,10.564540766854378,10.401954214197593,118.40576834985971,117.83017812536917,60.84479842287762,61.2519749582867,21.417430246744768,21.462637690565924
1997-07-01,57.15271885320342,57.064094534876226,36.808468650311404,37.08153189626105,10.722545464554418,10.545709954167524,118.78468963248001,118.12291628041596,61.37143232468271,61.701643925157285,21.51883106159611,21.523165442082522
1997-10-01,57.4825921383089,57.460087688569146,37.13922400276979,37.367102850786594,10.784028368840898,10.684979311486023,119.0077838938505,118.37177830230785,61.908309522189384,62.166760061432036,21.550854718457128,21.5860841550394
1998-01-01,57.926133141164435,57.85240010837246,37.37844312941957,37.65574114016281,11.186886792144263,10.81840569501287,119.48311723188965,118.57210997651535,62.47561120355811,62.64551799421546,21.59190096570294,21.651375814140504
1998-04-01,58.317566849988694,58.23875014666216,37.92112283945884,37.94619642116518,11.025270222546585,10.944647977849689,119.79188628819,118.71968141168533,63.10876325984342,63.135893170965815,21.624918253855338,21.719000561577825
1998-07-01,58.881813994181485,58.61684651624432,38.261126237793384,38.23700246200457,11.243156556057714,11.062559498107426,119.61331610540988,118.81087828973953,63.65918006944134,63.635688951296004,21.789004920960263,21.788881093095654
1998-10-01,59.65510184100696,58.98439544796113,38.69329675613288,38.52663211145252,11.534126773376823,11.171025774745477,120.72534615842459,118.84282077451695,64.23361377700762,64.14262024572895,21.873890987855813,21.860880253219385
1999-01-01,59.99118538317828,59.33922293961632,38.895131906875854,38.813528209284826,11.811644928048832,11.269037403713305,120.08351948935703,118.8132118866856,64.80983699463452,64.65434203315291,22.004584786827763,21.934859533342014
1999-04-01,60.33021930185222,59.679537507657976,39.459127808552594,39.09619501016466,11.705685458813612,11.35581532416681,120.42610553674811,118.72101637586096,65.50574548781316,65.16849041106613,22.005587825289695,22.01068704030136
1999-07-01,60.94870286335267,60.00393226952745,39.8620661866399,39.37314881147279,11.915468999931573,11.430934148025559,120.83793782653329,118.56608818910664,66.13364740969489,65.68272393628125,22.107962921535623,22.088273109582893
1999-10-01,61.767023921939106,60.3113966464191,40.34777109533314,39.64309853677477,12.185346444173577,11.494217978331045,120.98305883736955,118.34943670030127,66.79097530080197,66.19484119856364,22.309958499738606,22.16752379448083
2000-01-01,61.13469718905743,60.60151072280301,40.45145485063525,39.905033020815566,11.922641763543213,11.5458287334932,119.9040844949331,118.07356349817869,66.75663458149094,66.7028594703314,22.214518440690842,22.24835634172043
2000-04-01,62.05506724879864,60.874774033895754,40.64397626720396,40.158365638758674,12.569921877658128,11.586393926908238,119.86266042140103,117.74266067722975,67.3848085244136,67.20511574755118,22.48020580395007,22.330776299461586
2000-07-01,61.92018414389497,61.132048956656696,40.92730297862241,40.40284826287929,12.362048853717223,11.616818492405658,119.42932084842033,117.36208693314627,68.1462882458444,67.69993688770941,22.3959565670073,22.414768083150243
2000-10-01,62.100388873081855,61.37496619084239,41.17081858846262,40.638542243559904,12.30152834229494,11.638639202353716,118.64451188801223,116.93850895877067,68.84114688880808,68.18572190897854,22.477643857934947,22.50040976011292
2001-01-01,61.74338743812125,61.6056898362272,41.25156308959322,40.86584969281853,11.62503264622852,11.653879539814572,118.28258253717301,116.47982721640747,69.53000010509123,68.66111537316094,22.314950529758207,22.587768844756884
2001-04-01,61.9433987373101,61.82688139537195,41.15679778826512,41.08552496122542,11.530934035368539,11.664991526678623,116.81345511223378,115.99491177069996,69.99614610335455,69.1251485245711,22.517127939198694,22.67689966933024
2001-07-01,61.49886227493584,62.041334484637964,41.02819973923271,41.29858889987173,11.286041234898896,11.67442520488349,114.98654110011203,115.4936222388844,70.40636933781897,69.57738568140734,22.539621437461683,22.76768463018525
2001-10-01,61.4723696324511,62.25195904856977,41.44487052926006,41.5061347302863,10.668341184523477,11.684556110981326,113.33975230921769,114.9861687480959,70.74053562332966,70.01794064522332,22.704494700859353,22.859903307844014
2002-01-01,61.82377591347681,62.46136379198092,41.380478950928755,41.70911111049311,10.965623537338958,11.697521000626285,112.07112790705109,114.48227326056771,70.95478549661772,70.44746419202814,22.977632364747453,22.9531873163277
2002-04-01,62.049665226428175,62.671699635601065,41.649398596164936,41.90845001757574,11.018134706192217,11.714801309636591,112.07077429098263,113.99046131035776,71.24037548229545,70.86708933026344,23.02923469751173,23.047063963929393
2002-07-01,62.110221333944516,62.884743385369795,41.8277511814476,42.104895564716784,10.931432656119016,11.73741704734182,111.3305944333981,113.51760313907248,71.4888243380038,71.27830556239512,23.123019990063135,23.141068157755285
2002-10-01,61.998636155812996,63.10190269877572,41.88545951050572,42.299043658704015,10.887764061888504,11.76595153905766,111.13086756746273,113.06925942995161,71.70390052494055,71.68288018740206,23.084149577349155,23.23471594597639
2003-01-01,61.87612427160255,63.32411445221691,41.90273197518124,42.491327088993806,10.854615889596854,11.800477212605887,109.7724496713817,112.64954310884681,71.61017514093011,72.08275932513347,23.234083146311693,23.3275042238369
2003-04-01,62.24053435023337,63.551628608189674,42.15178143186823,42.68192534825825,10.851666036840095,11.840501905264887,109.11122654398966,112.2613080388568,71.80757590281198,72.47994977258023,23.440283501501433,23.418826899389405
2003-07-01,63.06674059879457,63.78377714633366,42.643251427970185,42.870648164710296,11.146475279363328,11.88491367683409,108.91274516706663,111.90557949767829,71.97392808548115,72.87620537535025,23.760314324488593,23.508009882909246
2003-10-01,63.57563148285486,64.01904857541524,42.73638900525528,43.0569663075082,11.510087440612791,11.931938618607106,109.08893894774216,111.58140828752171,72.20075630073214,73.27289280396194,23.900549167533974,23.594383141791607
2004-01-01,63.91707529095912,64.25545513097752,43.14643957482598,43.24019854044084,11.547055466816023,11.979296604838476,109.49028545275546,111.28599429110152,72.73361256541037,73.67083542990028,23.910008566093307,23.67742607390546
2004-04-01,64.23636581200202,64.49069940099778,43.20553148032791,43.41945048306767,11.998998658924162,12.02440106721943,109.27091940705662,111.0150204074769,73.08198799210746,74.07019230528941,24.020587550505322,23.756803950206113
2004-07-01,64.63600461114203,64.72223681592676,43.509818914362235,43.593755541859686,12.177171986191114,12.064350355786855,109.62196979094018,110.76310140170568,73.50211308815418,74.47053000211386,24.071347290186004,23.83232527607027
2004-10-01,65.08207615659845,64.94732669776288,43.892743856713615,43.761998952376416,12.417086412391063,12.096193636587047,109.84519673717752,110.5238174351008,73.9422786604059,74.87077720038376,24.154913534462665,23.90396341701629
2005-01-01,65.62399408469327,65.1631382046686,43.95601438346915,43.92299915207398,12.778417568631674,12.117033227347202,109.76354999661308,110.2900954434072,74.46652217346461,75.26922395366313,24.307638309444783,23.971843291739287
2005-04-01,65.75698041567932,65.36689193369182,44.27580687429782,44.07564378567987,12.601546641645418,12.124175928470414,110.07875520981155,110.05449999196236,75.05786597499275,75.66353447338938,24.24432970151136,24.036250355870113
2005-07-01,66.05459295317485,65.55606960520409,44.57079551946461,44.21883141885278,12.721125243581163,12.115365812436968,110.05350149362482,109.80933092340997,75.54761629225152,76.05081612335316,24.302307719609313,24.097684591252495
2005-10-01,66.20341659392527,65.72837842135151,44.49580069522322,44.35157880211325,13.143407920615486,12.08870269189899,110.34501088921988,109.54697374217122,76.04222056341699,76.4277366589684,24.259745756711354,24.156782754759313
2006-01-01,66.92971360522942,65.88182682991253,44.78737172397187,44.473119413602554,13.33627386872677,12.042744122435094,111.16170317415322,109.26004538107242,76.69471610573605,76.79058544588143,24.335734653126682,24.214316853787057
2006-04-01,66.8975346005193,66.01471833514083,44.88387533598522,44.58277803475928,13.177975129067939,11.9767851156712,111.18234947847722,108.94174950398488,77.33893983492952,77.13534777502318,24.249998286454666,24.271131351775956
2006-07-01,66.78349380210773,66.12601434913468,45.03742662956903,44.68007957715785,13.045571824787576,11.890995806738083,111.36733014988837,108.58656592779504,77.89987269172077,77.45789172034424,24.12142571718908,24.328154925697365
2006-10-01,67.13333308460705,66.21524051383804,45.07909336582955,44.76474397442942,12.793059193775036,11.786352872426448,111.33675412681244,108.1904607202788,78.41022879117689,77.75416608331652,24.196746319481946,24.386311760306025
2007-01-01,67.0547882211777,66.28235222302519,45.15148032361569,44.83672350464951,12.567397510233098,11.664580545018998,110.91329920661614,107.75121032501315,78.76752050652384,78.02036416805483,24.18985157826723,24.4464045660503
2007-04-01,67.29565819848473,66.32789807139088,45.22508355731002,44.89617775728318,12.61245316028192,11.528021090228442,111.09372539859461,107.26860619678789,79.15974708592614,78.25307487502707,24.20898526907521,24.509124692200537
2007-07-01,67.48904515373017,66.35293028936782,45.40498491742014,44.943474615329876,12.446582454845666,11.379523001516473,110.40591214965347,106.74443451184254,79.5209376592402,78.44935819201561,24.337951535194215,24.575009103719
2007-10-01,67.68880019808604,66.35912324874391,45.710528901782695,44.97919902076514,12.155692206680683,11.22248741070127,109.69803186226619,106.18283255519155,79.82933822878634,78.6068622062965,24.479072742942382,24.644411629535842
2008-01-01,67.45032841817074,66.34887302144398,45.884565143171436,45.0042345236173,11.75820403251892,11.06079673539713,109.46127218008019,105.59013099021452,80.349770017455,78.72394142387891,24.37162017261273,24.717541482053555
2008-04-01,67.66091648213342,66.32541010354042,46.105879593835,45.019928585021695,11.563463176739917,10.898683365142485,108.53499142150311,104.97469990097312,80.50065349477713,78.79976292567372,24.566993142376184,24.794507327468118
2008-07-01,67.1034674873696,66.29265194113209,45.75537996040216,45.02818217488103,11.251809656647485,10.740554906138481,107.02592522106589,104.34709274175135,80.5648990801745,78.83456266541228,24.580478891677032,24.875201424921045
2008-10-01,65.43829276845769,66.2553390193855,44.37870620654701,45.03157289623047,10.338435587357123,10.590958241679692,104.051447303917,103.7197890391377,80.54501960183322,78.82969378807752,24.415825479165424,24.959372105318756
2009-01-01,64.65187544275695,66.21870622443343,43.972039809747194,45.03313232544096,9.02685435153018,10.454494964729271,101.36484990509584,103.10660731867223,80.51325622563964,78.78763952277144,24.539460903496995,25.04657879049392
2009-04-01,64.39228114235807,66.18746389706429,43.90433767486706,45.03548206718775,8.344531356759296,10.335392867906767,98.84333562566154,102.52124640111384,79.9985102830725,78.71199183436819,24.90024472114896,25.136029620142967
2009-07-01,64.45221827206592,66.16532411619622,44.336770485542175,45.040573138799516,8.214015863765411,10.236796287400628,97.63376361872518,101.97601816514634,79.30245890754789,78.60743967473601,25.20065306317124,25.226599300851902
2009-10-01,64.96243893127475,66.15485998700609,44.36133643070187,45.04964156147214,8.862117160007676,10.16045608422909,97.16445479019514,101.48068304619791,78.59449622611393,78.47947827327071,25.55992221656452,25.316997232057314
2010-01-01,65.21669550235336,66.15756367321885,44.62071160513299,45.063481643164856,9.002751601228914,10.106798153029702,97.05383455689038,101.04211487343107,78.20133850207394,78.33402324719195,25.724079620737932,25.405897945297863
2010-04-01,65.70641659866159,66.17418259901325,44.77516598548126,45.08245619849722,9.425086809971077,10.0755159529477,97.76379938248462,100.66440855353237,77.77371360107938,78.17703341468514,25.844302699056303,25.492109799997298
2010-07-01,66.04816043067258,66.20488072346511,44.932215095354316,45.10665195488206,9.755662002964483,10.065723085013913,98.07264529309452,100.34916527627527,77.43779136880995,78.01434512906289,25.96482129365653,25.574624875559586
2010-10-01,66.2224826147722,66.24953748587014,45.117210471007716,45.13596466457749,9.682571918011451,10.076256086298454,98.162413510909,100.096242020382,77.19316064465633,77.85149748869597,26.046702335084394,25.652643972861764
2011-01-01,66.02415410935286,66.30794261758543,45.40914156326915,45.17018216609956,9.487496749320536,10.10587704545153,98.24388250741359,99.90417409319363,77.08979848594736,77.69362376543882,25.966870748148715,25.725604212511488
2011-04-01,66.34248360360476,66.37987672308904,45.513284827318614,45.209081530354936,9.796670063201438,10.153193483714045,98.95948515878715,99.77040021621241,76.83693314084367,77.54540456881459,25.999150948337903,25.79318536287905
2011-07-01,66.16332873405315,66.46494951530566,45.475653502348045,45.25258975557618,9.821699874672037,10.21647926166366,99.09560629091683,99.69143151127963,76.64111437000119,77.41110971634468,25.928931999517143,25.855218406876425
2011-10-01,66.74942259347644,66.56275301828647,45.54316148096034,45.300824814277256,10.550692989154353,10.293811184413617,99.60322463216514,99.6633750961326,76.45697815557217,77.29454180564866,26.0938453378699,25.911665453127718
2012-01-01,66.73918257107049,66.6726945228205,45.51763030638181,45.35404596861074,10.664721702525727,10.383007978731824,99.55510437323429,99.68205086079631,76.0058833542964,77.1990083184498,26.152146390840013,25.96253845248465
2012-04-01,66.8966943998745,66.79430083342058,45.42456321315439,45.4126666506951,10.883939246821383,10.482011283581915,99.56961798256398,99.74330775922061,76.06448178506434,77.12729024300513,26.204315401507706,26.007967243619028
2012-07-01,66.84933401595637,66.92714287809808,45.30232204282288,45.47720650855494,10.831040225946106,10.588883379940402,99.72350789431708,99.84296327645819,76.15631644015377,77.08142792802852,26.148445718083494,26.048204761558328
2012-10-01,66.75741525752252,67.07085772524982,45.39439400591222,45.54819766924402,10.725989452406724,10.701870472762172,100.0,99.97675678511375,76.22933445732392,77.06281303783742,26.056797835151833,26.083631517716377
2013-01-01,67.15493428477893,67.22503532843855,45.49511610847711,45.62606815708889,11.058121698847254,10.819301189750906,100.13482475181263,100.14036749845863,76.25707250716061,77.07228212929243,26.185677579447567,26.114695732822458
2013-04-01,67.1022788534274,67.38906900008108,45.36948441143836,45.71115508026321,11.151637792370863,10.939446561176144,100.31209728346424,100.32948959541778,76.40611646040574,77.11017818774434,26.117226087173414,26.141833390139688
2013-07-01,67.46911767437531,67.56230593603951,45.39889344722873,45.8037188457346,11.490150802812249,11.060650287451129,100.65124013772765,100.53980215896613,76.55413845695547,77.17636315414052,26.184714049299743,26.165528652173624
2013-10-01,67.78266414701626,67.74390931147738,45.56932950778526,45.90380999043035,11.51481055939052,11.181315600181088,100.74930508154274,100.76695149267945,76.78017064130763,77.27028664343148,26.262640906067233,26.186253566357866
2014-01-01,67.40289278028978,67.93297732321419,45.67669462684535,46.01122751671396,11.398293413115463,11.30004546732124,101.02258310821497,101.00662353361535,77.03047212934004,77.39103405045232,26.039875904605974,26.204494837962713
2014-04-01,68.1195452427133,68.1286244418314,45.97040442523217,46.12556085337248,11.821261169714072,11.415596225725398,101.52175697340769,101.25445707335764,77.23809451685496,77.53740472245968,26.207858838720107,26.220789091974773
2014-07-01,68.74425238443366,68.32962183193293,46.23816879526986,46.24618719740437,12.040144309426564,11.526741758546232,101.97001940623336,101.50606025750032,77.52304134325905,77.70798753758964,26.338604517606466,26.23557149173997
2014-10-01,68.88360914376246,68.53472133212398,46.5093408472725,46.37238183083256,12.113502307996695,11.632471435005323,102.89281472086067,101.75716572759302,77.85248669546041,77.90119307924626,26.198988044736293,26.249270416739055
2015-01-01,69.14986372023895,68.74292014252408,46.44456406537467,46.50340878998592,12.472370901022058,11.732069639844626,102.58824847316596,102.00375462737162,78.04916525326938,78.11531905754546,26.327720698082157,26.262379658003272
2015-04-01,69.39516946841867,68.9534222583881,46.62796943837582,46.63861096572334,12.380356347380445,11.825110663742224,102.82835357534753,102.24247891755228,78.48500018508793,78.34862995028217,26.329633270449843,26.275362579300257
2015-07-01,69.44283623644164,69.16567708861518,46.838083440625574,46.777287411645865,12.334390161170957,11.911627014255904,102.93530565200693,102.47032697006725,78.85914949121847,78.59934101849521,26.286130604103686,26.288724304766728
2015-10-01,69.36729518746321,69.37940413728568,46.91142913361152,46.91872266102734,12.131648918048814,11.992011900794331,103.18338770669489,102.68463051925451,79.20794527057397,78.8657408097366,26.176020100255535,26.303004917271174
2016-01-01,69.54402402985167,69.59449334680396,47.161116601638575,47.062231058318005,11.981324829233484,12.066946203078048,103.18626275757943,102.88299552588525,79.43263956980363,79.14626595278848,26.216228857230426,26.318744118138703
2016-04-01,69.5893473384261,69.810825636908,47.251436265894164,47.20711406283375,11.884637176933033,12.13722698310335,103.34155128767404,103.06332903306615,79.68828754284951,79.43955190859339,26.178227089617113,26.3364034314058
2016-07-01,69.82162764954495,70.02824865217646,47.44801162171045,47.35272664113367,11.846999524857683,12.203624069990783,103.3782963691492,103.22372280447475,79.88765473594498,79.74439852229354,26.236582690164656,26.356381684406493
2016-10-01,69.9808988583711,70.24646858678062,47.52539112412464,47.49844361667252,12.106776326424685,12.266768991382024,103.2262855610924,103.36244240531306,80.06992567370635,80.05974708268877,26.300608557406694,26.378980132398837
2017-01-01,70.3612306124792,70.4650577958523,47.9508508510327,47.64369195431058,12.039490050623709,12.327082162674454,103.76644744575752,103.47785436060421,80.61645968500244,80.38461484509682,26.291319482384456,26.40442658910453
2017-04-01,70.57034995967885,70.68341595773471,48.0131529963301,47.787908594255036,12.257445798535445,12.384893841799997,104.39883229152787,103.56824807184148,80.87126137484817,80.71801135633687,26.23653049396511,26.432901441842983
2017-07-01,70.99079709853895,70.90086999130094,48.12213446212567,47.930716316923004,12.429287399249063,12.440359414213566,104.27705404648025,103.63210501453736,81.15217394806972,81.05907687620828,26.380837731234053,26.464515818553288
2017-10-01,71.54121901618903,71.11666749107275,48.51245311128985,48.0718749303986,12.543071946233637,12.49355833933422,104.76108773774837,103.6684403013918,81.46715766355689,81.40703442865409,26.469559516556927,26.499258927134075
2018-01-01,71.7574509078974,71.33010365701823,48.69402302766004,48.21126184577159,12.642688662550993,12.54456629756804,104.94049756175406,103.6766911865853,81.66929013980436,81.76115280773939,26.497059262139178,26.537068449667608
2018-04-01,72.1122247531969,71.54073180089142,48.79360676773752,48.34902912198979,12.685700557184571,12.593493021553456,105.35460276531042,103.65699654443937,82.04182691463204,82.1207261814433,26.517710342421875,26.577864097531396
2018-07-01,72.4607813244499,71.74836841676643,48.9981786403594,48.4856328552943,12.970529728142436,12.640513025567161,105.34420139338579,103.61030241082642,82.3835737609301,82.48497836294565,26.608853061319298,26.621540934142676
2018-10-01,72.41429749061346,71.95318637243686,49.05332052769863,48.621812720094276,12.919362529624486,12.68586257087433,105.32861771196009,103.53862593663919,82.77653336770483,82.85306948849937,26.550084941243195,26.667956441459197
2019-01-01,72.89520212163157,72.15580675668994,49.072662153452555,48.75863729539031,13.108872289873847,12.729987406357065,105.44628791503186,103.44507085276742,83.44969194692518,83.22408049114904,26.63141358544542,26.71695992929191
2019-04-01,73.25131934195194,72.35714706832465,49.32359041013825,48.897457258151206,13.154226710646249,12.773485792435254,105.22308361387319,103.33385208687814,83.89332046551247,83.59702729043545,26.748718225327366,26.768326173408493
2019-07-01,73.7416139813004,72.55859770113915,49.59820231952936,49.03983551722874,13.183343630525176,12.817199449568387,105.48268588451886,103.21041331423496,84.30306994474863,83.97105001546065,26.838853557364455,26.821775021619008
2019-10-01,73.90184242314898,72.76212319823303,49.771844634665584,49.18762030822601,12.870381902450259,12.86221783063163,105.35692854974883,103.0813455764291,84.70135952282038,84.3454597938987,26.87366454597863,26.877012207443006
2020-01-01,73.14257993084378,72.97044780042015,49.038396684254764,49.34303233662923,12.692636696492272,12.909873154762314,104.16154708425785,102.95461045063483,85.3258483570359,84.7197644315606,26.726772120166117,26.933752062138883
2020-04-01,66.82861541724674,73.18703831009205,44.411556755503874,49.508688027801895,10.759095035198223,12.961523484620407,90.46522601520718,102.83953428475726,85.6207818194085,85.09368708250528,26.730737131930947,26.9917046062233
2020-07-01,71.9370123090963,73.41551242243906,48.453301326464675,49.687051033426144,12.605319749345409,13.018413031659245,97.53762704909187,102.7461527558635,85.39422287771389,85.46732704210888,27.42551423768352,27.050447059930804
2020-10-01,72.4848388049734,73.65535274170759,48.711393200328956,49.87724059200461,13.122742132643838,13.080289864281408,99.50744981010924,102.67624782546567,85.63186559009533,85.84111692878749,27.251030074886327,27.10938839423151
2021-01-01,73.64672762913165,73.90509947222145,49.94137187318923,50.07758242799165,12.879563870929815,13.146637028223672,101.05264195983983,102.62827476425612,86.21441183796273,86.21545104204276,27.346943171088363,27.168166243752257
2021-04-01,74.8198588149188,74.16253354508956,51.33729303270297,50.28563699817715,12.801903769531812,13.216957501860495,102.19579969541444,102.59869615576585,86.56873236705037,86.59059860396358,27.54059438117985,27.22650377998688
2021-07-01,75.19652576672183,74.42524377803265,51.5583431175924,50.49884093673619,13.120432601694732,13.290575757469476,103.57853358688152,102.58299792210892,86.85702196094574,86.96683292750168,27.406588615966523,27.284233674996422
2021-10-01,76.3523726593466,74.69119736342903,51.79598307183833,50.71524436495356,14.108204598027381,13.366536260543088,104.054745276697,102.57642353639741,87.21179240231616,87.34441830342678,27.705453248694354,27.34138325237272
2022-01-01,75.66379256173734,74.95881547844188,51.60809414947633,50.93352501211516,14.285398584759644,13.443753975774131,104.89843816579128,102.57484034823486,87.50464878695875,87.72355431416764,27.27982768460734,27.39805675730072
2022-04-01,75.4491383201278,75.22753076855261,51.581453009380766,51.15301180867964,13.775683723195481,13.521575116410537,105.45871292224966,102.5750345991789,88.14313874680275,88.10436027221034,27.03951994764966,27.454586336966234
